x_label,y_label,linqmap_type_label,linqmap_subtype_label
179177.2000000002,662945.9700000007,ROAD_CLOSED,ROAD_CLOSED_EVENT
181954.53000000023,664345.2400000002,ROAD_CLOSED,ROAD_CLOSED_EVENT
177424.86000000034,662262.4000000004,ROAD_CLOSED,ROAD_CLOSED_EVENT
185550.3200000003,666637.2100000009,JAM,JAM_HEAVY_TRAFFIC
179115.53000000026,665875.9800000004,ROAD_CLOSED,ROAD_CLOSED_EVENT
186810.84999999963,695239.0700000003,ROAD_CLOSED,ROAD_CLOSED_EVENT
187667.66999999995,659861.0099999998,ROAD_CLOSED,ROAD_CLOSED_EVENT
182662.33999999985,668320.8300000001,JAM,JAM_HEAVY_TRAFFIC
182872.4000000004,669542.1799999997,JAM,JAM_STAND_STILL_TRAFFIC
182556.5,662059.0299999993,JAM,JAM_STAND_STILL_TRAFFIC
177149.6299999999,655024.5899999999,JAM,JAM_NO_SUBTYPE
181977.8899999997,674377.25,JAM,JAM_STAND_STILL_TRAFFIC
179414.65000000037,663458.7200000007,ROAD_CLOSED,ROAD_CLOSED_EVENT
181190.9000000004,665493.0899999999,JAM,JAM_STAND_STILL_TRAFFIC
180344.96,664164.5899999999,ROAD_CLOSED,ROAD_CLOSED_EVENT
182630.08999999985,676385.9299999997,JAM,JAM_HEAVY_TRAFFIC
176372.6200000001,656935.2100000009,JAM,JAM_STAND_STILL_TRAFFIC
186214.3899999997,659530.0600000005,ROAD_CLOSED,ROAD_CLOSED_EVENT
185651.83999999985,674917.0299999993,JAM,JAM_STAND_STILL_TRAFFIC
183119.1500000004,668130.25,ROAD_CLOSED,ROAD_CLOSED_EVENT
177334.5,661514.4299999997,ROAD_CLOSED,ROAD_CLOSED_EVENT
179727.66999999993,661468.3499999996,JAM,JAM_STAND_STILL_TRAFFIC
182052.7000000002,661842.3599999994,JAM,JAM_STAND_STILL_TRAFFIC
179275.6900000004,645032.3599999994,ROAD_CLOSED,ROAD_CLOSED_EVENT
179674.59999999963,663477.4800000004,ROAD_CLOSED,ROAD_CLOSED_EVENT
179337.13999999966,644997.9700000007,ROAD_CLOSED,ROAD_CLOSED_EVENT
181667.08999999985,664188.3100000005,JAM,JAM_HEAVY_TRAFFIC
190213.54000000004,673698.2599999998,WEATHERHAZARD,HAZARD_ON_ROAD_CAR_STOPPED
177412.58000000007,662309.3499999996,ROAD_CLOSED,ROAD_CLOSED_EVENT
182281.0499999998,666002.6300000008,ROAD_CLOSED,ROAD_CLOSED_EVENT
179045.6900000004,665999.7799999993,ROAD_CLOSED,ROAD_CLOSED_EVENT
177366.4400000004,661908.0899999999,ROAD_CLOSED,ROAD_CLOSED_EVENT
178284.33999999985,664471.3399999999,ROAD_CLOSED,ROAD_CLOSED_EVENT
187560.61000000036,665887.4100000001,JAM,JAM_HEAVY_TRAFFIC
187286.83999999985,659459.1400000006,ROAD_CLOSED,ROAD_CLOSED_EVENT
178942.04000000004,666192.7899999991,JAM,JAM_MODERATE_TRAFFIC
183467.11000000036,663387.2899999991,JAM,JAM_STAND_STILL_TRAFFIC
182734.71,664177.2899999991,WEATHERHAZARD,HAZARD_ON_ROAD_CAR_STOPPED
179177.2000000002,662945.9700000007,ROAD_CLOSED,ROAD_CLOSED_EVENT
178489.3099999996,663034.4000000004,JAM,JAM_HEAVY_TRAFFIC
185049.03000000023,666908.7899999991,JAM,JAM_STAND_STILL_TRAFFIC
179273.79000000004,663060.5999999996,ROAD_CLOSED,ROAD_CLOSED_EVENT
178539.0599999996,654915.1099999994,JAM,JAM_MODERATE_TRAFFIC
185909.0499999998,672709.9700000007,ROAD_CLOSED,ROAD_CLOSED_EVENT
177931.41000000015,664130.3499999996,JAM,JAM_NO_SUBTYPE
177419.7000000002,662364.0999999996,ROAD_CLOSED,ROAD_CLOSED_EVENT
190053.4500000002,675653.7799999993,JAM,JAM_HEAVY_TRAFFIC
179100.08999999985,663100.0700000003,ROAD_CLOSED,ROAD_CLOSED_EVENT
178626.95999999996,663024.7799999993,ROAD_CLOSED,ROAD_CLOSED_EVENT
187869.11000000036,694175.1500000004,JAM,JAM_STAND_STILL_TRAFFIC
177947.29000000004,658711.3100000005,ROAD_CLOSED,ROAD_CLOSED_EVENT
179022.34999999963,665899.0600000005,ROAD_CLOSED,ROAD_CLOSED_EVENT
179975.4400000004,664082.9199999999,JAM,JAM_STAND_STILL_TRAFFIC
186948.23000000045,663948.8900000006,JAM,JAM_MODERATE_TRAFFIC
185219.83000000007,664505.1099999994,JAM,JAM_STAND_STILL_TRAFFIC
178747.04000000004,666085.1899999995,ROAD_CLOSED,ROAD_CLOSED_EVENT
182747.6299999999,676366.9600000009,JAM,JAM_STAND_STILL_TRAFFIC
179729.5599999996,666479.4600000009,JAM,JAM_STAND_STILL_TRAFFIC
183345.2199999997,652302.0700000003,ROAD_CLOSED,ROAD_CLOSED_EVENT
187667.66999999995,659861.0099999998,ROAD_CLOSED,ROAD_CLOSED_EVENT
182434.58999999985,657798.6699999999,JAM,JAM_STAND_STILL_TRAFFIC
188285.58999999985,659377.2899999991,ROAD_CLOSED,ROAD_CLOSED_EVENT
179045.6900000004,665999.7799999993,ROAD_CLOSED,ROAD_CLOSED_EVENT
180209.41999999995,667018.6899999995,JAM,JAM_STAND_STILL_TRAFFIC
185499.6299999999,666637.7300000004,JAM,JAM_STAND_STILL_TRAFFIC
180749.91999999995,661572.5,ROAD_CLOSED,ROAD_CLOSED_EVENT
183456.71,662288.6099999994,WEATHERHAZARD,HAZARD_ON_ROAD_CONSTRUCTION
178578.91999999993,665596.5600000005,ROAD_CLOSED,ROAD_CLOSED_EVENT
182872.16999999995,651485.9199999999,ROAD_CLOSED,ROAD_CLOSED_EVENT
186255.74000000025,659726.9600000009,ROAD_CLOSED,ROAD_CLOSED_EVENT
187422.34999999963,659473.8200000003,ROAD_CLOSED,ROAD_CLOSED_EVENT
177363.59999999963,661768.3800000008,ROAD_CLOSED,ROAD_CLOSED_EVENT
180774.2199999997,661479.4800000004,ROAD_CLOSED,ROAD_CLOSED_EVENT
180468.24000000025,661860.9900000002,ROAD_CLOSED,ROAD_CLOSED_EVENT
179078.8099999996,645173.0500000007,ROAD_CLOSED,ROAD_CLOSED_EVENT
186290.9000000004,659876.8599999994,ROAD_CLOSED,ROAD_CLOSED_EVENT
188678.1200000001,667228.6300000008,JAM,JAM_MODERATE_TRAFFIC
181345.28000000023,671850.6400000006,JAM,JAM_HEAVY_TRAFFIC
184348.3700000001,666710.4000000004,JAM,JAM_STAND_STILL_TRAFFIC
184364.5599999996,672116.1099999994,ROAD_CLOSED,ROAD_CLOSED_EVENT
178364.6200000001,661903.7699999996,JAM,JAM_HEAVY_TRAFFIC
186351.3200000003,660157.3000000007,ROAD_CLOSED,ROAD_CLOSED_EVENT
180244.75,664183.7100000009,ROAD_CLOSED,ROAD_CLOSED_EVENT
177956.8700000001,658813.6199999992,ROAD_CLOSED,ROAD_CLOSED_EVENT
179957.88999999966,662405.4100000001,ROAD_CLOSED,ROAD_CLOSED_EVENT
191370.46,675506.0700000003,ROAD_CLOSED,ROAD_CLOSED_EVENT
178672.3799999999,665806.7899999991,ROAD_CLOSED,ROAD_CLOSED_EVENT
183694.99000000025,652624.1099999994,ROAD_CLOSED,ROAD_CLOSED_EVENT
166600.8099999996,634100.1199999992,ROAD_CLOSED,ROAD_CLOSED_EVENT
177401.2000000002,662045.3599999994,ROAD_CLOSED,ROAD_CLOSED_EVENT
179674.59999999963,663477.4800000004,ROAD_CLOSED,ROAD_CLOSED_EVENT
178211.50999999978,656765.5899999999,WEATHERHAZARD,HAZARD_ON_ROAD_CONSTRUCTION
166776.03000000026,633865.5899999999,ROAD_CLOSED,ROAD_CLOSED_EVENT
178218.38999999966,654988.6199999992,ROAD_CLOSED,ROAD_CLOSED_EVENT
176304.8799999999,658944.9499999993,JAM,JAM_HEAVY_TRAFFIC
184679.58000000007,667554.5899999999,JAM,JAM_MODERATE_TRAFFIC
176901.25999999978,661672.7599999998,ROAD_CLOSED,ROAD_CLOSED_EVENT
180276.3799999999,664525.5800000001,JAM,JAM_STAND_STILL_TRAFFIC
179648.7999999998,666369.6500000004,JAM,JAM_STAND_STILL_TRAFFIC
179075.4500000002,663147.9499999993,ROAD_CLOSED,ROAD_CLOSED_EVENT
190666.9699999997,667438.0199999996,JAM,JAM_MODERATE_TRAFFIC
175873.61000000034,659035.5199999996,ROAD_CLOSED,ROAD_CLOSED_EVENT
184118.6200000001,675900.3499999996,JAM,JAM_STAND_STILL_TRAFFIC
176768.33000000007,658079.6799999997,ROAD_CLOSED,ROAD_CLOSED_EVENT
186279.73000000045,666656.9600000009,JAM,JAM_HEAVY_TRAFFIC
187687.1200000001,659857.8300000001,ROAD_CLOSED,ROAD_CLOSED_EVENT
187269.54000000004,659426.4900000002,ROAD_CLOSED,ROAD_CLOSED_EVENT
186323.24000000025,660235.4700000007,ROAD_CLOSED,ROAD_CLOSED_EVENT
178368.0,665173.8599999994,JAM,JAM_STAND_STILL_TRAFFIC
178125.25999999978,654769.8499999996,ROAD_CLOSED,ROAD_CLOSED_EVENT
182575.78000000023,665711.9700000007,JAM,JAM_STAND_STILL_TRAFFIC
182074.4299999997,663904.5500000007,JAM,JAM_HEAVY_TRAFFIC
178182.66999999993,654872.6500000004,ROAD_CLOSED,ROAD_CLOSED_EVENT
182782.2999999998,668239.7599999998,ROAD_CLOSED,ROAD_CLOSED_EVENT
186351.3200000003,660157.3000000007,ROAD_CLOSED,ROAD_CLOSED_EVENT
187492.6399999997,659382.8399999999,ROAD_CLOSED,ROAD_CLOSED_EVENT
186205.24000000025,659506.6899999995,ROAD_CLOSED,ROAD_CLOSED_EVENT
182134.7000000002,666640.9199999999,ROAD_CLOSED,ROAD_CLOSED_EVENT
184409.1799999997,664739.9399999995,JAM,JAM_HEAVY_TRAFFIC
178733.74000000022,662995.6600000001,ROAD_CLOSED,ROAD_CLOSED_EVENT
189971.4400000004,659723.4499999993,JAM,JAM_STAND_STILL_TRAFFIC
182134.7000000002,666640.9199999999,ROAD_CLOSED,ROAD_CLOSED_EVENT
168257.61000000034,635051.2100000009,JAM,JAM_STAND_STILL_TRAFFIC
179116.7000000002,665979.1099999994,ROAD_CLOSED,ROAD_CLOSED_EVENT
177386.4299999997,662058.9399999995,ROAD_CLOSED,ROAD_CLOSED_EVENT
175881.0700000003,659144.1699999999,ROAD_CLOSED,ROAD_CLOSED_EVENT
177424.86000000034,662262.4000000004,ROAD_CLOSED,ROAD_CLOSED_EVENT
180244.75,664183.7100000009,ROAD_CLOSED,ROAD_CLOSED_EVENT
187492.6399999997,659382.8399999999,ROAD_CLOSED,ROAD_CLOSED_EVENT
187733.3899999997,692406.1600000001,JAM,JAM_HEAVY_TRAFFIC
183931.29000000004,664159.3399999999,WEATHERHAZARD,HAZARD_ON_ROAD_CONSTRUCTION
179296.9400000004,662391.7200000007,JAM,JAM_HEAVY_TRAFFIC
180770.2999999998,661493.5800000001,ROAD_CLOSED,ROAD_CLOSED_EVENT
179974.5599999996,662395.0299999993,ROAD_CLOSED,ROAD_CLOSED_EVENT
178813.41999999993,666065.5299999993,ROAD_CLOSED,ROAD_CLOSED_EVENT
179115.53000000026,665875.9800000004,ROAD_CLOSED,ROAD_CLOSED_EVENT
177403.1200000001,662212.1300000008,ROAD_CLOSED,ROAD_CLOSED_EVENT
179177.2000000002,662945.9700000007,ROAD_CLOSED,ROAD_CLOSED_EVENT
177424.86000000034,662262.4000000004,ROAD_CLOSED,ROAD_CLOSED_EVENT
186297.3899999997,659897.9100000001,ROAD_CLOSED,ROAD_CLOSED_EVENT
186162.73000000045,664161.8900000006,ROAD_CLOSED,ROAD_CLOSED_EVENT
179117.66000000015,663981.2599999998,ROAD_CLOSED,ROAD_CLOSED_CONSTRUCTION
185230.0599999996,664569.5,JAM,JAM_STAND_STILL_TRAFFIC
183738.61000000036,666326.9100000001,JAM,JAM_HEAVY_TRAFFIC
186255.74000000025,659726.9600000009,ROAD_CLOSED,ROAD_CLOSED_EVENT
180774.2199999997,661479.4800000004,ROAD_CLOSED,ROAD_CLOSED_EVENT
180789.41999999995,661429.6300000008,ROAD_CLOSED,ROAD_CLOSED_EVENT
179116.7000000002,665979.1099999994,ROAD_CLOSED,ROAD_CLOSED_EVENT
179318.16999999993,663393.6600000001,ROAD_CLOSED,ROAD_CLOSED_EVENT
182558.6200000001,664050.7599999998,JAM,JAM_MODERATE_TRAFFIC
185628.1900000004,662937.2200000007,JAM,JAM_HEAVY_TRAFFIC
187027.91000000012,688151.6799999997,JAM,JAM_HEAVY_TRAFFIC
182553.3200000003,669567.7799999993,JAM,JAM_MODERATE_TRAFFIC
179107.7000000002,663112.9000000004,ROAD_CLOSED,ROAD_CLOSED_EVENT
186205.24000000025,659506.6899999995,ROAD_CLOSED,ROAD_CLOSED_EVENT
177408.16000000015,662268.3399999999,ROAD_CLOSED,ROAD_CLOSED_EVENT
178547.0,665523.4900000002,ROAD_CLOSED,ROAD_CLOSED_EVENT
179004.88999999966,658838.9399999995,ROAD_CLOSED,ROAD_CLOSED_EVENT
177347.7999999998,661625.0600000005,ROAD_CLOSED,ROAD_CLOSED_EVENT
180233.5,667022.4800000004,JAM,JAM_MODERATE_TRAFFIC
190137.86000000036,659584.3200000003,ROAD_CLOSED,ROAD_CLOSED_EVENT
180244.75,664183.7100000009,ROAD_CLOSED,ROAD_CLOSED_EVENT
182052.2999999998,657874.5299999993,JAM,JAM_HEAVY_TRAFFIC
186370.9000000004,660223.4299999997,ROAD_CLOSED,ROAD_CLOSED_EVENT
181143.25999999975,671571.0600000005,JAM,JAM_STAND_STILL_TRAFFIC
177403.1200000001,662212.1300000008,ROAD_CLOSED,ROAD_CLOSED_EVENT
180774.2199999997,661479.4800000004,ROAD_CLOSED,ROAD_CLOSED_EVENT
178698.5599999996,663005.4399999995,ROAD_CLOSED,ROAD_CLOSED_EVENT
188271.1200000001,659466.2799999993,ROAD_CLOSED,ROAD_CLOSED_EVENT
186115.29000000004,666659.0199999996,JAM,JAM_STAND_STILL_TRAFFIC
190015.04000000004,659611.7300000004,ROAD_CLOSED,ROAD_CLOSED_EVENT
195453.23000000045,676510.2699999996,JAM,JAM_STAND_STILL_TRAFFIC
189948.21,659628.6099999994,ROAD_CLOSED,ROAD_CLOSED_EVENT
177424.86000000034,662262.4000000004,ROAD_CLOSED,ROAD_CLOSED_EVENT
179075.83999999985,660746.8000000007,JAM,JAM_HEAVY_TRAFFIC
188831.4500000002,666924.4299999997,WEATHERHAZARD,HAZARD_ON_ROAD_CAR_STOPPED
178491.23000000045,663020.3100000005,ROAD_CLOSED,ROAD_CLOSED_EVENT
178693.75,665885.8900000006,ROAD_CLOSED,ROAD_CLOSED_EVENT
176440.09999999963,658214.3300000001,ROAD_CLOSED,ROAD_CLOSED_EVENT
178626.95999999996,663024.7799999993,ROAD_CLOSED,ROAD_CLOSED_EVENT
187139.83999999985,692511.0999999996,JAM,JAM_HEAVY_TRAFFIC
181445.04000000004,668673.0800000001,ROAD_CLOSED,ROAD_CLOSED_EVENT
184394.91000000012,676133.4000000004,JAM,JAM_STAND_STILL_TRAFFIC
186098.2199999997,664442.1300000008,JAM,JAM_STAND_STILL_TRAFFIC
177976.3700000001,658984.2100000009,ROAD_CLOSED,ROAD_CLOSED_EVENT
177405.6900000004,662240.8399999999,ROAD_CLOSED,ROAD_CLOSED_EVENT
185861.98000000045,672598.8100000005,ROAD_CLOSED,ROAD_CLOSED_EVENT
178662.78000000026,665341.9700000007,JAM,JAM_HEAVY_TRAFFIC
181450.08999999985,664287.1600000001,JAM,JAM_STAND_STILL_TRAFFIC
178747.04000000004,666085.1899999995,ROAD_CLOSED,ROAD_CLOSED_EVENT
186017.2199999997,664072.0600000005,JAM,JAM_MODERATE_TRAFFIC
181415.41999999995,668955.0800000001,ROAD_CLOSED,ROAD_CLOSED_EVENT
179100.08999999985,663100.0700000003,ROAD_CLOSED,ROAD_CLOSED_EVENT
180749.91999999995,661572.5,ROAD_CLOSED,ROAD_CLOSED_EVENT
184842.75,668597.9100000001,JAM,JAM_STAND_STILL_TRAFFIC
190246.66999999995,671861.1999999993,WEATHERHAZARD,WEATHERHAZARD_NO_SUBTYPE
177395.46999999974,662145.5199999996,ROAD_CLOSED,ROAD_CLOSED_EVENT
183741.01999999955,652595.0,ROAD_CLOSED,ROAD_CLOSED_EVENT
186918.0,666516.1500000004,JAM,JAM_STAND_STILL_TRAFFIC
181508.04000000004,663418.7599999998,JAM,JAM_STAND_STILL_TRAFFIC
180558.9400000004,663524.3699999992,JAM,JAM_HEAVY_TRAFFIC
180167.33999999985,653897.7300000004,JAM,JAM_STAND_STILL_TRAFFIC
180282.23000000045,662389.2100000009,ROAD_CLOSED,ROAD_CLOSED_EVENT
187422.34999999963,659473.8200000003,ROAD_CLOSED,ROAD_CLOSED_EVENT
191370.46,675506.0700000003,ROAD_CLOSED,ROAD_CLOSED_EVENT
182154.61000000036,665427.3499999996,JAM,JAM_STAND_STILL_TRAFFIC
188876.9299999997,659491.2699999996,JAM,JAM_HEAVY_TRAFFIC
177356.33999999985,661702.3200000003,ROAD_CLOSED,ROAD_CLOSED_EVENT
180770.2999999998,661493.5800000001,ROAD_CLOSED,ROAD_CLOSED_EVENT
182301.5499999998,676446.1699999999,JAM,JAM_HEAVY_TRAFFIC
181698.71,666195.8900000006,JAM,JAM_MODERATE_TRAFFIC
179957.16000000015,664139.8800000008,JAM,JAM_STAND_STILL_TRAFFIC
179045.6900000004,665999.7799999993,ROAD_CLOSED,ROAD_CLOSED_EVENT
186576.2199999997,670710.1699999999,ROAD_CLOSED,ROAD_CLOSED_CONSTRUCTION
191556.61000000036,675457.2400000002,ROAD_CLOSED,ROAD_CLOSED_EVENT
178747.04000000004,666085.1899999995,ROAD_CLOSED,ROAD_CLOSED_EVENT
179045.6900000004,665999.7799999993,ROAD_CLOSED,ROAD_CLOSED_EVENT
179022.34999999963,665899.0600000005,ROAD_CLOSED,ROAD_CLOSED_EVENT
180299.53000000023,644554.6500000004,WEATHERHAZARD,HAZARD_ON_ROAD_CAR_STOPPED
182230.99000000025,654259.6500000004,ACCIDENT,ACCIDENT_NO_SUBTYPE
181537.86000000036,663740.9000000004,JAM,JAM_STAND_STILL_TRAFFIC
186810.84999999963,695239.0700000003,ROAD_CLOSED,ROAD_CLOSED_EVENT
187301.4000000004,659492.1300000008,ROAD_CLOSED,ROAD_CLOSED_EVENT
186255.74000000025,659726.9600000009,ROAD_CLOSED,ROAD_CLOSED_EVENT
185945.34999999963,672815.7400000002,ROAD_CLOSED,ROAD_CLOSED_EVENT
181619.5499999998,665548.5800000001,JAM,JAM_STAND_STILL_TRAFFIC
179075.4500000002,663147.9499999993,ROAD_CLOSED,ROAD_CLOSED_EVENT
179733.2999999998,661869.5399999991,JAM,JAM_MODERATE_TRAFFIC
183021.00999999975,668137.2799999993,ROAD_CLOSED,ROAD_CLOSED_EVENT
180770.2999999998,661493.5800000001,ROAD_CLOSED,ROAD_CLOSED_EVENT
178540.1799999997,663026.1099999994,ROAD_CLOSED,ROAD_CLOSED_EVENT
178125.25999999978,654769.8499999996,ROAD_CLOSED,ROAD_CLOSED_EVENT
177412.58000000007,662309.3499999996,ROAD_CLOSED,ROAD_CLOSED_EVENT
186255.74000000025,659726.9600000009,ROAD_CLOSED,ROAD_CLOSED_EVENT
181304.58000000007,662873.6099999994,JAM,JAM_MODERATE_TRAFFIC
181032.9000000004,657216.3499999996,ROAD_CLOSED,ROAD_CLOSED_EVENT
184364.5599999996,672116.1099999994,ROAD_CLOSED,ROAD_CLOSED_EVENT
177437.83000000007,662499.7699999996,ROAD_CLOSED,ROAD_CLOSED_EVENT
178477.63999999966,663114.5099999998,ROAD_CLOSED,ROAD_CLOSED_CONSTRUCTION
164717.09999999963,632895.9399999995,WEATHERHAZARD,WEATHERHAZARD_NO_SUBTYPE
179748.33000000007,666135.5099999998,ROAD_CLOSED,ROAD_CLOSED_EVENT
177965.59999999963,658892.7699999996,ROAD_CLOSED,ROAD_CLOSED_EVENT
186290.9000000004,659876.8599999994,ROAD_CLOSED,ROAD_CLOSED_EVENT
177386.4299999997,662058.9399999995,ROAD_CLOSED,ROAD_CLOSED_EVENT
179003.8099999996,667267.7699999996,JAM,JAM_HEAVY_TRAFFIC
187492.6399999997,659382.8399999999,ROAD_CLOSED,ROAD_CLOSED_EVENT
178305.4500000002,659856.3599999994,JAM,JAM_STAND_STILL_TRAFFIC
182906.16000000012,664092.25,JAM,JAM_HEAVY_TRAFFIC
178540.1799999997,663026.1099999994,ROAD_CLOSED,ROAD_CLOSED_EVENT
166706.13999999966,633958.7799999993,ROAD_CLOSED,ROAD_CLOSED_EVENT
180123.75,664122.7300000004,ROAD_CLOSED,ROAD_CLOSED_EVENT
178618.1799999997,665686.4600000009,ROAD_CLOSED,ROAD_CLOSED_EVENT
180033.9400000004,664021.8200000003,JAM,JAM_STAND_STILL_TRAFFIC
185217.8899999997,664572.2100000009,JAM,JAM_NO_SUBTYPE
181342.98000000045,668185.9800000004,ROAD_CLOSED,ROAD_CLOSED_EVENT
187717.41999999995,669005.8800000008,WEATHERHAZARD,WEATHERHAZARD_NO_SUBTYPE
179038.88999999966,665666.2400000002,ROAD_CLOSED,ROAD_CLOSED_CONSTRUCTION
187194.46,659282.0600000005,ROAD_CLOSED,ROAD_CLOSED_EVENT
179100.08999999985,663100.0700000003,ROAD_CLOSED,ROAD_CLOSED_EVENT
181425.46,666312.3699999992,JAM,JAM_STAND_STILL_TRAFFIC
179337.13999999966,644997.9700000007,ROAD_CLOSED,ROAD_CLOSED_EVENT
185909.0499999998,672709.9700000007,ROAD_CLOSED,ROAD_CLOSED_EVENT
184675.0599999996,671866.9800000004,JAM,JAM_STAND_STILL_TRAFFIC
186141.7000000002,667401.7899999991,JAM,JAM_STAND_STILL_TRAFFIC
192534.98000000045,673815.4399999995,ROAD_CLOSED,ROAD_CLOSED_EVENT
179116.38999999966,665972.2300000004,ROAD_CLOSED,ROAD_CLOSED_EVENT
180108.0599999996,664045.9399999995,JAM,JAM_STAND_STILL_TRAFFIC
186900.50999999975,659089.6600000001,JAM,JAM_STAND_STILL_TRAFFIC
177784.34999999963,663774.1699999999,JAM,JAM_STAND_STILL_TRAFFIC
177321.38999999966,661428.4299999997,ROAD_CLOSED,ROAD_CLOSED_EVENT
177434.91000000015,662363.7100000009,ROAD_CLOSED,ROAD_CLOSED_EVENT
177930.33999999985,658470.2899999991,ROAD_CLOSED,ROAD_CLOSED_EVENT
181694.04000000004,667738.4299999997,JAM,JAM_STAND_STILL_TRAFFIC
176440.09999999963,658214.3300000001,ROAD_CLOSED,ROAD_CLOSED_EVENT
178661.00999999978,663015.4499999993,ROAD_CLOSED,ROAD_CLOSED_EVENT
186260.91999999995,659751.1099999994,ROAD_CLOSED,ROAD_CLOSED_EVENT
180789.41999999995,661429.6300000008,ROAD_CLOSED,ROAD_CLOSED_EVENT
191283.08999999985,675529.3599999994,ROAD_CLOSED,ROAD_CLOSED_EVENT
185861.98000000045,672598.8100000005,ROAD_CLOSED,ROAD_CLOSED_EVENT
182375.4699999997,665124.6699999999,JAM,JAM_STAND_STILL_TRAFFIC
178177.33999999985,654886.4199999999,ROAD_CLOSED,ROAD_CLOSED_EVENT
180756.6399999997,657547.3000000007,ROAD_CLOSED,ROAD_CLOSED_EVENT
180135.2000000002,662368.6999999993,ROAD_CLOSED,ROAD_CLOSED_EVENT
180765.86000000036,657536.9499999993,ROAD_CLOSED,ROAD_CLOSED_EVENT
190399.8799999999,659472.3200000003,ROAD_CLOSED,ROAD_CLOSED_EVENT
179404.41000000015,663471.5099999998,ROAD_CLOSED,ROAD_CLOSED_EVENT
178296.5599999996,659853.6199999992,ROAD_CLOSED,ROAD_CLOSED_EVENT
178618.1799999997,665686.4600000009,ROAD_CLOSED,ROAD_CLOSED_EVENT
183694.99000000025,652624.1099999994,ROAD_CLOSED,ROAD_CLOSED_EVENT
178578.91999999993,665596.5600000005,ROAD_CLOSED,ROAD_CLOSED_EVENT
183423.9299999997,668158.7100000009,ROAD_CLOSED,ROAD_CLOSED_EVENT
182668.7199999997,664939.3699999992,JAM,JAM_STAND_STILL_TRAFFIC
184122.04000000004,644200.5700000003,JAM,JAM_HEAVY_TRAFFIC
175881.0700000003,659144.1699999999,ROAD_CLOSED,ROAD_CLOSED_EVENT
184821.53000000023,669462.1699999999,WEATHERHAZARD,HAZARD_ON_ROAD_CAR_STOPPED
187322.33000000007,666395.5299999993,JAM,JAM_STAND_STILL_TRAFFIC
179107.7000000002,663112.9000000004,ROAD_CLOSED,ROAD_CLOSED_EVENT
188285.58999999985,659377.2899999991,ROAD_CLOSED,ROAD_CLOSED_EVENT
190399.8799999999,659472.3200000003,ROAD_CLOSED,ROAD_CLOSED_EVENT
181310.58000000007,665409.0299999993,WEATHERHAZARD,HAZARD_ON_ROAD_CAR_STOPPED
182329.61000000036,665960.5199999996,ROAD_CLOSED,ROAD_CLOSED_EVENT
191083.73000000045,675234.8100000005,JAM,JAM_STAND_STILL_TRAFFIC
177347.7999999998,661625.0600000005,ROAD_CLOSED,ROAD_CLOSED_EVENT
182134.7000000002,666640.9199999999,ROAD_CLOSED,ROAD_CLOSED_EVENT
184726.0499999998,674366.1899999995,JAM,JAM_STAND_STILL_TRAFFIC
179485.95999999996,663510.0199999996,ROAD_CLOSED,ROAD_CLOSED_EVENT
181571.25,656544.4199999999,JAM,JAM_MODERATE_TRAFFIC
192534.98000000045,673815.4399999995,ROAD_CLOSED,ROAD_CLOSED_EVENT
177401.2000000002,662045.3599999994,ROAD_CLOSED,ROAD_CLOSED_EVENT
187422.34999999963,659473.8200000003,ROAD_CLOSED,ROAD_CLOSED_EVENT
177947.29000000004,658711.3100000005,ROAD_CLOSED,ROAD_CLOSED_EVENT
180123.75,664122.7300000004,ROAD_CLOSED,ROAD_CLOSED_EVENT
179719.23000000045,665936.1300000008,ROAD_CLOSED,ROAD_CLOSED_EVENT
178693.75,665885.8900000006,ROAD_CLOSED,ROAD_CLOSED_EVENT
181188.48000000045,663116.5700000003,JAM,JAM_HEAVY_TRAFFIC
178693.75,665885.8900000006,ROAD_CLOSED,ROAD_CLOSED_EVENT
179045.6900000004,665999.7799999993,ROAD_CLOSED,ROAD_CLOSED_EVENT
179237.5700000003,664170.9900000002,JAM,JAM_STAND_STILL_TRAFFIC
186260.91999999995,659751.1099999994,ROAD_CLOSED,ROAD_CLOSED_EVENT
177413.54000000004,662175.6099999994,ROAD_CLOSED,ROAD_CLOSED_EVENT
182118.4400000004,666274.9299999997,JAM,JAM_STAND_STILL_TRAFFIC
175873.61000000034,659035.5199999996,ROAD_CLOSED,ROAD_CLOSED_EVENT
177395.46999999974,662145.5199999996,ROAD_CLOSED,ROAD_CLOSED_EVENT
180770.2999999998,661493.5800000001,ROAD_CLOSED,ROAD_CLOSED_EVENT
182349.58999999985,657939.6099999994,JAM,JAM_STAND_STILL_TRAFFIC
179748.33000000007,666135.5099999998,ROAD_CLOSED,ROAD_CLOSED_EVENT
184877.53000000023,666054.2400000002,JAM,JAM_MODERATE_TRAFFIC
180671.4400000004,667400.8499999996,JAM,JAM_STAND_STILL_TRAFFIC
180187.5499999998,664213.4199999999,WEATHERHAZARD,HAZARD_ON_ROAD_CONSTRUCTION
191370.46,675506.0700000003,ROAD_CLOSED,ROAD_CLOSED_EVENT
185824.25999999975,667489.7100000009,JAM,JAM_STAND_STILL_TRAFFIC
186260.91999999995,659751.1099999994,ROAD_CLOSED,ROAD_CLOSED_EVENT
186142.71,667451.6899999995,JAM,JAM_STAND_STILL_TRAFFIC
191566.1299999999,675454.4299999997,ROAD_CLOSED,ROAD_CLOSED_EVENT
178698.5599999996,663005.4399999995,ROAD_CLOSED,ROAD_CLOSED_EVENT
182734.2999999998,668279.9700000007,JAM,JAM_STAND_STILL_TRAFFIC
184630.26999999955,666412.25,JAM,JAM_STAND_STILL_TRAFFIC
177947.29000000004,658711.3100000005,ROAD_CLOSED,ROAD_CLOSED_EVENT
177395.46999999974,662145.5199999996,ROAD_CLOSED,ROAD_CLOSED_EVENT
181954.53000000023,664345.2400000002,ROAD_CLOSED,ROAD_CLOSED_EVENT
180274.6500000004,661646.3699999992,WEATHERHAZARD,HAZARD_ON_SHOULDER_CAR_STOPPED
180084.78000000026,656944.25,JAM,JAM_NO_SUBTYPE
188017.1299999999,666149.3800000008,JAM,JAM_MODERATE_TRAFFIC
179656.28000000026,666496.5999999996,JAM,JAM_STAND_STILL_TRAFFIC
179337.13999999966,644997.9700000007,ROAD_CLOSED,ROAD_CLOSED_EVENT
177395.46999999974,662145.5199999996,ROAD_CLOSED,ROAD_CLOSED_EVENT
186351.3200000003,660157.3000000007,ROAD_CLOSED,ROAD_CLOSED_EVENT
190015.04000000004,659611.7300000004,ROAD_CLOSED,ROAD_CLOSED_EVENT
188163.16999999995,688071.1999999993,JAM,JAM_HEAVY_TRAFFIC
190399.8799999999,659472.3200000003,ROAD_CLOSED,ROAD_CLOSED_EVENT
182995.58000000007,666569.4700000007,JAM,JAM_STAND_STILL_TRAFFIC
181190.51999999955,665492.9800000004,JAM,JAM_STAND_STILL_TRAFFIC
177408.16000000015,662268.3399999999,ROAD_CLOSED,ROAD_CLOSED_EVENT
181723.3799999999,646117.3000000007,JAM,JAM_HEAVY_TRAFFIC
191484.1399999997,675480.1400000006,ROAD_CLOSED,ROAD_CLOSED_EVENT
176534.9500000002,658726.7300000004,JAM,JAM_MODERATE_TRAFFIC
180759.6799999997,661531.8699999992,ROAD_CLOSED,ROAD_CLOSED_EVENT
180444.84999999963,664704.9199999999,JAM,JAM_STAND_STILL_TRAFFIC
183190.04000000004,669428.8699999992,JAM,JAM_HEAVY_TRAFFIC
187667.66999999995,659861.0099999998,ROAD_CLOSED,ROAD_CLOSED_EVENT
186304.66000000012,659894.9900000002,ROAD_CLOSED,ROAD_CLOSED_EVENT
179115.53000000026,665875.9800000004,ROAD_CLOSED,ROAD_CLOSED_EVENT
184364.5599999996,672116.1099999994,ROAD_CLOSED,ROAD_CLOSED_EVENT
184780.6799999997,666667.6199999992,ACCIDENT,ACCIDENT_MINOR
185945.34999999963,672815.7400000002,ROAD_CLOSED,ROAD_CLOSED_EVENT
188101.3099999996,688295.7699999996,JAM,JAM_NO_SUBTYPE
178968.71999999974,644036.7100000009,JAM,JAM_NO_SUBTYPE
181954.53000000023,664345.2400000002,ROAD_CLOSED,ROAD_CLOSED_EVENT
178618.1799999997,665686.4600000009,ROAD_CLOSED,ROAD_CLOSED_EVENT
179225.83999999985,663041.8200000003,ROAD_CLOSED,ROAD_CLOSED_EVENT
178618.1799999997,665686.4600000009,ROAD_CLOSED,ROAD_CLOSED_EVENT
177395.46999999974,662145.5199999996,ROAD_CLOSED,ROAD_CLOSED_EVENT
179275.6900000004,645032.3599999994,ROAD_CLOSED,ROAD_CLOSED_EVENT
184282.58999999985,669555.9199999999,JAM,JAM_STAND_STILL_TRAFFIC
177395.46999999974,662145.5199999996,ROAD_CLOSED,ROAD_CLOSED_EVENT
190579.49000000025,671277.3200000003,JAM,JAM_STAND_STILL_TRAFFIC
186316.4500000002,664041.9800000004,ROAD_CLOSED,ROAD_CLOSED_EVENT
178693.75,665885.8900000006,ROAD_CLOSED,ROAD_CLOSED_EVENT
180989.75999999975,665031.3200000003,JAM,JAM_STAND_STILL_TRAFFIC
182519.6299999999,666500.0700000003,JAM,JAM_STAND_STILL_TRAFFIC
178491.23000000045,663020.3100000005,ROAD_CLOSED,ROAD_CLOSED_EVENT
177347.7999999998,661625.0600000005,ROAD_CLOSED,ROAD_CLOSED_EVENT
183855.58000000007,664085.7799999993,JAM,JAM_NO_SUBTYPE
180744.7000000002,657539.6899999995,ROAD_CLOSED,ROAD_CLOSED_EVENT
180282.23000000045,662389.2100000009,ROAD_CLOSED,ROAD_CLOSED_EVENT
186285.4500000002,659886.3100000005,ROAD_CLOSED,ROAD_CLOSED_EVENT
178618.1799999997,665686.4600000009,ROAD_CLOSED,ROAD_CLOSED_EVENT
177347.7999999998,661625.0600000005,ROAD_CLOSED,ROAD_CLOSED_EVENT
166639.40000000037,634053.9499999993,ROAD_CLOSED,ROAD_CLOSED_EVENT
180237.2000000002,664525.7300000004,JAM,JAM_HEAVY_TRAFFIC
177956.8700000001,658813.6199999992,ROAD_CLOSED,ROAD_CLOSED_EVENT
179600.25,663782.2699999996,JAM,JAM_STAND_STILL_TRAFFIC
177437.83000000007,662499.7699999996,ROAD_CLOSED,ROAD_CLOSED_EVENT
179100.08999999985,663100.0700000003,ROAD_CLOSED,ROAD_CLOSED_EVENT
178015.13999999966,663704.9800000004,JAM,JAM_MODERATE_TRAFFIC
187667.66999999995,659861.0099999998,ROAD_CLOSED,ROAD_CLOSED_EVENT
186142.7199999997,667453.5700000003,JAM,JAM_STAND_STILL_TRAFFIC
182761.9299999997,666646.8699999992,JAM,JAM_STAND_STILL_TRAFFIC
180244.75,664183.7100000009,ROAD_CLOSED,ROAD_CLOSED_EVENT
177413.54000000004,662175.6099999994,ROAD_CLOSED,ROAD_CLOSED_EVENT
185909.0499999998,672709.9700000007,ROAD_CLOSED,ROAD_CLOSED_EVENT
187515.1299999999,693366.8699999992,JAM,JAM_STAND_STILL_TRAFFIC
188285.58999999985,659377.2899999991,ROAD_CLOSED,ROAD_CLOSED_EVENT
180752.21,667143.3900000006,WEATHERHAZARD,HAZARD_ON_ROAD_CAR_STOPPED
181986.91999999995,674395.2899999991,JAM,JAM_HEAVY_TRAFFIC
180789.41999999995,661429.6300000008,ROAD_CLOSED,ROAD_CLOSED_EVENT
187699.58000000007,668641.1099999994,JAM,JAM_STAND_STILL_TRAFFIC
167914.04000000004,635910.3800000008,WEATHERHAZARD,HAZARD_ON_SHOULDER_CAR_STOPPED
179414.65000000037,663458.7200000007,ROAD_CLOSED,ROAD_CLOSED_EVENT
192609.91000000012,673792.8699999992,ROAD_CLOSED,ROAD_CLOSED_EVENT
178259.73000000045,664620.9199999999,ROAD_CLOSED,ROAD_CLOSED_EVENT
177381.58999999985,662031.7899999991,ROAD_CLOSED,ROAD_CLOSED_EVENT
187249.4699999997,659502.8599999994,ROAD_CLOSED,ROAD_CLOSED_EVENT
179062.41999999993,665885.5,ROAD_CLOSED,ROAD_CLOSED_EVENT
183021.00999999975,668137.2799999993,ROAD_CLOSED,ROAD_CLOSED_EVENT
177366.4400000004,661908.0899999999,ROAD_CLOSED,ROAD_CLOSED_EVENT
180248.75,665612.9800000004,JAM,JAM_STAND_STILL_TRAFFIC
187630.1299999999,694223.1899999995,JAM,JAM_MODERATE_TRAFFIC
179120.15000000037,663990.1199999992,JAM,JAM_STAND_STILL_TRAFFIC
178540.1799999997,663026.1099999994,ROAD_CLOSED,ROAD_CLOSED_EVENT
178125.25999999978,654769.8499999996,ROAD_CLOSED,ROAD_CLOSED_EVENT
179939.4500000002,665854.2300000004,JAM,JAM_HEAVY_TRAFFIC
185909.0499999998,672709.9700000007,ROAD_CLOSED,ROAD_CLOSED_EVENT
181415.41999999995,668955.0800000001,ROAD_CLOSED,ROAD_CLOSED_EVENT
186316.4500000002,664041.9800000004,ROAD_CLOSED,ROAD_CLOSED_EVENT
177347.7999999998,661625.0600000005,ROAD_CLOSED,ROAD_CLOSED_EVENT
180923.3899999997,664734.1600000001,JAM,JAM_HEAVY_TRAFFIC
191370.46,675506.0700000003,ROAD_CLOSED,ROAD_CLOSED_EVENT
188299.2199999997,659292.9600000009,ROAD_CLOSED,ROAD_CLOSED_EVENT
186260.91999999995,659751.1099999994,ROAD_CLOSED,ROAD_CLOSED_EVENT
179957.88999999966,662405.4100000001,ROAD_CLOSED,ROAD_CLOSED_EVENT
181032.9000000004,657216.3499999996,ROAD_CLOSED,ROAD_CLOSED_EVENT
182938.83999999985,651463.5999999996,ROAD_CLOSED,ROAD_CLOSED_EVENT
179193.58000000007,662978.9499999993,ROAD_CLOSED,ROAD_CLOSED_EVENT
179024.53000000026,658909.7300000004,JAM,JAM_STAND_STILL_TRAFFIC
179748.33000000007,666135.5099999998,ROAD_CLOSED,ROAD_CLOSED_EVENT
178644.83999999985,658767.6699999999,JAM,JAM_HEAVY_TRAFFIC
180774.2199999997,661479.4800000004,ROAD_CLOSED,ROAD_CLOSED_EVENT
178580.53000000026,663032.5,ROAD_CLOSED,ROAD_CLOSED_EVENT
178540.1799999997,663026.1099999994,ROAD_CLOSED,ROAD_CLOSED_EVENT
179211.83999999985,663036.8800000008,ROAD_CLOSED,ROAD_CLOSED_EVENT
178106.9400000004,654725.7799999993,JAM,JAM_MODERATE_TRAFFIC
180789.41999999995,661429.6300000008,ROAD_CLOSED,ROAD_CLOSED_EVENT
176440.09999999963,658214.3300000001,ROAD_CLOSED,ROAD_CLOSED_EVENT
191566.1299999999,675454.4299999997,ROAD_CLOSED,ROAD_CLOSED_EVENT
181454.58999999985,646280.3300000001,JAM,JAM_HEAVY_TRAFFIC
185531.2199999997,663934.3900000006,ROAD_CLOSED,ROAD_CLOSED_EVENT
183442.7199999997,667171.0299999993,JAM,JAM_STAND_STILL_TRAFFIC
177947.29000000004,658711.3100000005,ROAD_CLOSED,ROAD_CLOSED_EVENT
180805.73000000045,656913.6999999993,JAM,JAM_NO_SUBTYPE
184241.04000000004,662779.5600000005,JAM,JAM_STAND_STILL_TRAFFIC
178618.1799999997,665686.4600000009,ROAD_CLOSED,ROAD_CLOSED_EVENT
183694.99000000025,652624.1099999994,ROAD_CLOSED,ROAD_CLOSED_EVENT
187676.41000000012,668628.0,JAM,JAM_HEAVY_TRAFFIC
180551.1500000004,664971.2100000009,JAM,JAM_MODERATE_TRAFFIC
168231.2999999998,631883.2100000009,JAM,JAM_HEAVY_TRAFFIC
178099.0599999996,659558.2799999993,ROAD_CLOSED,ROAD_CLOSED_EVENT
177413.54000000004,662175.6099999994,ROAD_CLOSED,ROAD_CLOSED_EVENT
183720.41000000012,666760.4499999993,ROAD_CLOSED,ROAD_CLOSED_EVENT
186323.24000000025,660235.4700000007,ROAD_CLOSED,ROAD_CLOSED_EVENT
182540.3200000003,674152.6699999999,JAM,JAM_HEAVY_TRAFFIC
187492.6399999997,659382.8399999999,ROAD_CLOSED,ROAD_CLOSED_EVENT
176526.84999999963,658196.6999999993,ROAD_CLOSED,ROAD_CLOSED_EVENT
185176.08000000007,674920.7200000007,JAM,JAM_NO_SUBTYPE
185909.0499999998,672709.9700000007,ROAD_CLOSED,ROAD_CLOSED_EVENT
177419.7000000002,662364.0999999996,ROAD_CLOSED,ROAD_CLOSED_EVENT
187663.8200000003,659810.7899999991,ROAD_CLOSED,ROAD_CLOSED_EVENT
186006.09999999963,664022.6400000006,JAM,JAM_NO_SUBTYPE
182281.0499999998,666002.6300000008,ROAD_CLOSED,ROAD_CLOSED_EVENT
185945.34999999963,672815.7400000002,ROAD_CLOSED,ROAD_CLOSED_EVENT
180789.41999999995,661429.6300000008,ROAD_CLOSED,ROAD_CLOSED_EVENT
190399.8799999999,659472.3200000003,ROAD_CLOSED,ROAD_CLOSED_EVENT
182565.08999999985,668181.4700000007,JAM,JAM_STAND_STILL_TRAFFIC
179748.33000000007,666135.5099999998,ROAD_CLOSED,ROAD_CLOSED_EVENT
179078.8099999996,645173.0500000007,ROAD_CLOSED,ROAD_CLOSED_EVENT
179004.88999999966,658838.9399999995,ROAD_CLOSED,ROAD_CLOSED_EVENT
182190.33999999985,666366.5800000001,JAM,JAM_STAND_STILL_TRAFFIC
192609.91000000012,673792.8699999992,ROAD_CLOSED,ROAD_CLOSED_EVENT
179075.4500000002,663147.9499999993,ROAD_CLOSED,ROAD_CLOSED_EVENT
190610.24000000025,666171.7300000004,JAM,JAM_HEAVY_TRAFFIC
177956.8700000001,658813.5099999998,ROAD_CLOSED,ROAD_CLOSED_EVENT
178693.75,665885.8900000006,ROAD_CLOSED,ROAD_CLOSED_EVENT
177405.6900000004,662240.8399999999,ROAD_CLOSED,ROAD_CLOSED_EVENT
190707.86000000036,666142.75,JAM,JAM_HEAVY_TRAFFIC
186028.3899999997,659304.3200000003,ROAD_CLOSED,ROAD_CLOSED_EVENT
185216.91999999995,665128.3399999999,JAM,JAM_STAND_STILL_TRAFFIC
187073.1799999997,667668.1799999997,JAM,JAM_HEAVY_TRAFFIC
185861.98000000045,672598.8100000005,ROAD_CLOSED,ROAD_CLOSED_EVENT
190385.3700000001,677445.4199999999,JAM,JAM_HEAVY_TRAFFIC
179360.78000000026,663327.7400000002,JAM,JAM_STAND_STILL_TRAFFIC
182093.0700000003,666356.9700000007,JAM,JAM_MODERATE_TRAFFIC
177426.34999999963,662419.4100000001,ROAD_CLOSED,ROAD_CLOSED_EVENT
185233.2000000002,666655.5999999996,JAM,JAM_STAND_STILL_TRAFFIC
181075.09999999963,665429.0999999996,WEATHERHAZARD,HAZARD_ON_ROAD_CAR_STOPPED
186941.53000000023,664689.8900000006,JAM,JAM_STAND_STILL_TRAFFIC
182201.58999999985,665159.2599999998,JAM,JAM_MODERATE_TRAFFIC
192609.91000000012,673792.8699999992,ROAD_CLOSED,ROAD_CLOSED_EVENT
177334.5,661514.4299999997,ROAD_CLOSED,ROAD_CLOSED_EVENT
184383.36000000036,662725.3499999996,JAM,JAM_HEAVY_TRAFFIC
177419.7000000002,662364.0999999996,ROAD_CLOSED,ROAD_CLOSED_EVENT
185208.23000000045,671692.0800000001,JAM,JAM_MODERATE_TRAFFIC
178882.66000000015,664842.9000000004,JAM,JAM_HEAVY_TRAFFIC
180187.5499999998,664213.4199999999,WEATHERHAZARD,HAZARD_ON_ROAD_CONSTRUCTION
179116.7000000002,665979.1099999994,ROAD_CLOSED,ROAD_CLOSED_EVENT
179116.7000000002,665979.1099999994,ROAD_CLOSED,ROAD_CLOSED_EVENT
183591.50999999975,666373.7100000009,JAM,JAM_STAND_STILL_TRAFFIC
183720.41000000012,666760.4499999993,ROAD_CLOSED,ROAD_CLOSED_EVENT
178900.1299999999,658035.6999999993,JAM,JAM_MODERATE_TRAFFIC
177437.83000000007,662499.7699999996,ROAD_CLOSED,ROAD_CLOSED_EVENT
178626.95999999996,663024.7799999993,ROAD_CLOSED,ROAD_CLOSED_EVENT
176766.50999999978,661726.2799999993,ROAD_CLOSED,ROAD_CLOSED_EVENT
186205.24000000025,659506.6899999995,ROAD_CLOSED,ROAD_CLOSED_EVENT
168667.33999999985,633181.0099999998,JAM,JAM_MODERATE_TRAFFIC
180067.6200000001,662404.2200000007,ROAD_CLOSED,ROAD_CLOSED_EVENT
187422.34999999963,659473.8200000003,ROAD_CLOSED,ROAD_CLOSED_EVENT
183027.3899999997,676321.8800000008,JAM,JAM_STAND_STILL_TRAFFIC
178693.75,665885.8900000006,ROAD_CLOSED,ROAD_CLOSED_EVENT
179748.33000000007,666135.5099999998,ROAD_CLOSED,ROAD_CLOSED_EVENT
178909.51999999955,666038.7699999996,ROAD_CLOSED,ROAD_CLOSED_EVENT
186951.3700000001,666589.9900000002,JAM,JAM_HEAVY_TRAFFIC
180770.2999999998,661493.5800000001,ROAD_CLOSED,ROAD_CLOSED_EVENT
184462.25999999975,666611.7100000009,JAM,JAM_STAND_STILL_TRAFFIC
176766.50999999978,661726.2799999993,ROAD_CLOSED,ROAD_CLOSED_EVENT
177381.58999999985,662031.7899999991,ROAD_CLOSED,ROAD_CLOSED_EVENT
189613.1399999997,659628.6600000001,ROAD_CLOSED,ROAD_CLOSED_EVENT
177412.58000000007,662309.3499999996,ROAD_CLOSED,ROAD_CLOSED_EVENT
180135.2000000002,662368.6999999993,ROAD_CLOSED,ROAD_CLOSED_EVENT
178318.5499999998,663591.1699999999,JAM,JAM_HEAVY_TRAFFIC
178693.75,665885.8900000006,ROAD_CLOSED,ROAD_CLOSED_EVENT
187667.66999999995,659861.0099999998,ROAD_CLOSED,ROAD_CLOSED_EVENT
187269.54000000004,659426.4900000002,ROAD_CLOSED,ROAD_CLOSED_EVENT
177385.99000000022,662889.4199999999,JAM,JAM_HEAVY_TRAFFIC
178698.5599999996,663005.4399999995,ROAD_CLOSED,ROAD_CLOSED_EVENT
177381.6299999999,661904.2699999996,ROAD_CLOSED,ROAD_CLOSED_EVENT
180460.1500000004,653893.9600000009,JAM,JAM_NO_SUBTYPE
181425.6900000004,668421.3200000003,ROAD_CLOSED,ROAD_CLOSED_EVENT
178578.91999999993,665596.5600000005,ROAD_CLOSED,ROAD_CLOSED_EVENT
177412.58000000007,662309.3499999996,ROAD_CLOSED,ROAD_CLOSED_EVENT
179211.83999999985,663036.8800000008,ROAD_CLOSED,ROAD_CLOSED_EVENT
179115.53000000026,665875.9800000004,ROAD_CLOSED,ROAD_CLOSED_EVENT
183694.99000000025,652624.1099999994,ROAD_CLOSED,ROAD_CLOSED_EVENT
186428.5499999998,686772.3499999996,JAM,JAM_MODERATE_TRAFFIC
177403.1200000001,662212.1300000008,ROAD_CLOSED,ROAD_CLOSED_EVENT
178169.90000000037,654868.5899999999,ROAD_CLOSED,ROAD_CLOSED_EVENT
166921.78000000026,633662.3200000003,ROAD_CLOSED,ROAD_CLOSED_EVENT
180962.11000000036,653985.9900000002,JAM,JAM_STAND_STILL_TRAFFIC
177419.7000000002,662364.0999999996,ROAD_CLOSED,ROAD_CLOSED_EVENT
179075.4500000002,663147.9499999993,ROAD_CLOSED,ROAD_CLOSED_EVENT
178236.16000000015,665445.2699999996,JAM,JAM_STAND_STILL_TRAFFIC
179719.23000000045,665936.1300000008,ROAD_CLOSED,ROAD_CLOSED_EVENT
186003.79000000004,664010.7899999991,JAM,JAM_MODERATE_TRAFFIC
178103.20999999996,659580.4499999993,JAM,JAM_STAND_STILL_TRAFFIC
167042.24000000022,633549.8699999992,ROAD_CLOSED,ROAD_CLOSED_EVENT
179115.53000000026,665875.9800000004,ROAD_CLOSED,ROAD_CLOSED_EVENT
178544.04000000004,663306.2100000009,JAM,JAM_STAND_STILL_TRAFFIC
182134.7000000002,666640.9199999999,ROAD_CLOSED,ROAD_CLOSED_EVENT
180413.66999999995,661644.3000000007,JAM,JAM_STAND_STILL_TRAFFIC
177403.1200000001,662212.1300000008,ROAD_CLOSED,ROAD_CLOSED_EVENT
178651.40000000037,654931.3100000005,JAM,JAM_HEAVY_TRAFFIC
185730.34999999963,664670.6300000008,JAM,JAM_STAND_STILL_TRAFFIC
182513.5700000003,674164.8599999994,JAM,JAM_MODERATE_TRAFFIC
177976.3700000001,658984.2100000009,ROAD_CLOSED,ROAD_CLOSED_EVENT
190941.08000000007,665513.3399999999,JAM,JAM_HEAVY_TRAFFIC
177356.33999999985,661702.3200000003,ROAD_CLOSED,ROAD_CLOSED_EVENT
186647.59999999963,695230.3699999992,ROAD_CLOSED,ROAD_CLOSED_EVENT
186028.3899999997,659304.3200000003,ROAD_CLOSED,ROAD_CLOSED_EVENT
178578.91999999993,665596.5600000005,ROAD_CLOSED,ROAD_CLOSED_EVENT
177363.59999999963,661768.3800000008,ROAD_CLOSED,ROAD_CLOSED_EVENT
179193.58000000007,662978.9499999993,ROAD_CLOSED,ROAD_CLOSED_EVENT
182281.0499999998,666002.6300000008,ROAD_CLOSED,ROAD_CLOSED_EVENT
177366.4400000004,661908.0899999999,ROAD_CLOSED,ROAD_CLOSED_EVENT
187809.04000000004,666567.9000000004,ACCIDENT,ACCIDENT_MINOR
179193.58000000007,662978.9499999993,ROAD_CLOSED,ROAD_CLOSED_EVENT
186518.78000000023,666635.3200000003,JAM,JAM_MODERATE_TRAFFIC
182134.7000000002,666640.9199999999,ROAD_CLOSED,ROAD_CLOSED_EVENT
178498.54000000004,660914.5399999991,JAM,JAM_STAND_STILL_TRAFFIC
178029.5700000003,656501.1300000008,JAM,JAM_HEAVY_TRAFFIC
190137.86000000036,659584.3200000003,ROAD_CLOSED,ROAD_CLOSED_EVENT
190399.8799999999,659472.3200000003,ROAD_CLOSED,ROAD_CLOSED_EVENT
178491.23000000045,663020.3100000005,ROAD_CLOSED,ROAD_CLOSED_EVENT
188821.78000000023,692273.6199999992,JAM,JAM_HEAVY_TRAFFIC
187959.3899999997,666129.4199999999,JAM,JAM_STAND_STILL_TRAFFIC
186290.9000000004,659876.8599999994,ROAD_CLOSED,ROAD_CLOSED_EVENT
185681.33999999985,664726.8200000003,JAM,JAM_STAND_STILL_TRAFFIC
178073.21999999974,664542.1099999994,ROAD_CLOSED,ROAD_CLOSED_EVENT
178698.5599999996,663005.4399999995,ROAD_CLOSED,ROAD_CLOSED_EVENT
178661.00999999978,663015.4499999993,ROAD_CLOSED,ROAD_CLOSED_EVENT
177956.8700000001,658813.6199999992,ROAD_CLOSED,ROAD_CLOSED_EVENT
180749.91999999995,661572.5,ROAD_CLOSED,ROAD_CLOSED_EVENT
181277.9500000002,672087.4199999999,JAM,JAM_HEAVY_TRAFFIC
182962.3899999997,668610.2300000004,JAM,JAM_MODERATE_TRAFFIC
184414.5499999998,664816.7699999996,JAM,JAM_STAND_STILL_TRAFFIC
187663.8200000003,659810.7899999991,ROAD_CLOSED,ROAD_CLOSED_EVENT
178540.1799999997,663026.1099999994,ROAD_CLOSED,ROAD_CLOSED_EVENT
177956.8700000001,658813.6199999992,ROAD_CLOSED,ROAD_CLOSED_EVENT
177321.38999999966,661428.4299999997,ROAD_CLOSED,ROAD_CLOSED_EVENT
186260.91999999995,659751.1099999994,ROAD_CLOSED,ROAD_CLOSED_EVENT
178693.75,665885.8900000006,ROAD_CLOSED,ROAD_CLOSED_EVENT
181537.5700000003,663613.3800000008,JAM,JAM_HEAVY_TRAFFIC
183912.61000000036,667626.6799999997,JAM,JAM_STAND_STILL_TRAFFIC
188285.58999999985,659377.2899999991,ROAD_CLOSED,ROAD_CLOSED_EVENT
182497.2000000002,676410.1600000001,JAM,JAM_HEAVY_TRAFFIC
189948.21,659628.6099999994,ROAD_CLOSED,ROAD_CLOSED_EVENT
177947.29000000004,658711.3100000005,ROAD_CLOSED,ROAD_CLOSED_EVENT
178733.74000000022,662995.6600000001,ROAD_CLOSED,ROAD_CLOSED_EVENT
183694.99000000025,652624.1099999994,ROAD_CLOSED,ROAD_CLOSED_EVENT
178491.23000000045,663020.3100000005,ROAD_CLOSED,ROAD_CLOSED_EVENT
177412.58000000007,662309.3499999996,ROAD_CLOSED,ROAD_CLOSED_EVENT
179434.73000000045,663473.0600000005,ROAD_CLOSED,ROAD_CLOSED_EVENT
180686.49000000025,665652.25,WEATHERHAZARD,HAZARD_ON_ROAD_CONSTRUCTION
178279.73000000045,664849.2799999993,JAM,JAM_STAND_STILL_TRAFFIC
181000.99000000025,671275.4100000001,JAM,JAM_MODERATE_TRAFFIC
177321.38999999966,661428.4299999997,ROAD_CLOSED,ROAD_CLOSED_EVENT
182898.16999999995,665258.75,JAM,JAM_STAND_STILL_TRAFFIC
178024.99000000022,658999.8900000006,JAM,JAM_STAND_STILL_TRAFFIC
183119.1500000004,668130.25,ROAD_CLOSED,ROAD_CLOSED_EVENT
179022.34999999963,665899.0600000005,ROAD_CLOSED,ROAD_CLOSED_EVENT
179341.53000000026,663426.5099999998,ROAD_CLOSED,ROAD_CLOSED_EVENT
191283.08999999985,675529.3599999994,ROAD_CLOSED,ROAD_CLOSED_EVENT
191566.1299999999,675454.4299999997,ROAD_CLOSED,ROAD_CLOSED_EVENT
184065.50999999975,675084.3900000006,WEATHERHAZARD,HAZARD_ON_ROAD_TRAFFIC_LIGHT_FAULT
178578.91999999993,665596.5600000005,ROAD_CLOSED,ROAD_CLOSED_EVENT
185945.34999999963,672815.7400000002,ROAD_CLOSED,ROAD_CLOSED_EVENT
180978.4000000004,664350.5999999996,JAM,JAM_STAND_STILL_TRAFFIC
178218.38999999966,654988.6199999992,ROAD_CLOSED,ROAD_CLOSED_EVENT
186214.3899999997,659530.0600000005,ROAD_CLOSED,ROAD_CLOSED_EVENT
187687.1200000001,659857.8300000001,ROAD_CLOSED,ROAD_CLOSED_EVENT
175870.9400000004,659360.8900000006,ROAD_CLOSED,ROAD_CLOSED_EVENT
180344.96,664164.5899999999,ROAD_CLOSED,ROAD_CLOSED_EVENT
178882.8799999999,665916.0,JAM,JAM_MODERATE_TRAFFIC
180183.76999999955,662400.3399999999,ROAD_CLOSED,ROAD_CLOSED_EVENT
180774.2199999997,661479.4800000004,ROAD_CLOSED,ROAD_CLOSED_EVENT
187028.08000000007,667673.6699999999,JAM,JAM_STAND_STILL_TRAFFIC
187492.6399999997,659382.8399999999,ROAD_CLOSED,ROAD_CLOSED_EVENT
178233.41000000015,664486.7300000004,ROAD_CLOSED,ROAD_CLOSED_EVENT
179273.79000000004,663060.5999999996,ROAD_CLOSED,ROAD_CLOSED_EVENT
186290.9000000004,659876.8599999994,ROAD_CLOSED,ROAD_CLOSED_EVENT
188299.2199999997,659292.9600000009,ROAD_CLOSED,ROAD_CLOSED_EVENT
181094.33999999985,665274.2200000007,JAM,JAM_HEAVY_TRAFFIC
182280.3200000003,668413.5399999991,JAM,JAM_HEAVY_TRAFFIC
182329.61000000036,665960.5199999996,ROAD_CLOSED,ROAD_CLOSED_EVENT
178491.23000000045,663020.3100000005,ROAD_CLOSED,ROAD_CLOSED_EVENT
192609.91000000012,673792.8699999992,ROAD_CLOSED,ROAD_CLOSED_EVENT
177401.2000000002,662045.3599999994,ROAD_CLOSED,ROAD_CLOSED_EVENT
180657.08000000007,667420.9800000004,JAM,JAM_STAND_STILL_TRAFFIC
177334.5,661514.4299999997,ROAD_CLOSED,ROAD_CLOSED_EVENT
184282.23000000045,672400.6400000006,WEATHERHAZARD,HAZARD_ON_ROAD_CONSTRUCTION
178693.75,665885.8900000006,ROAD_CLOSED,ROAD_CLOSED_EVENT
180483.46,665023.1500000004,JAM,JAM_HEAVY_TRAFFIC
178747.04000000004,666085.1899999995,ROAD_CLOSED,ROAD_CLOSED_EVENT
180794.6399999997,661410.1999999993,ROAD_CLOSED,ROAD_CLOSED_EVENT
187667.66999999995,659861.0099999998,ROAD_CLOSED,ROAD_CLOSED_EVENT
178954.29000000004,663552.2799999993,JAM,JAM_STAND_STILL_TRAFFIC
177419.7000000002,662364.0999999996,ROAD_CLOSED,ROAD_CLOSED_EVENT
180244.75,664183.7100000009,ROAD_CLOSED,ROAD_CLOSED_EVENT
179733.25,662487.6500000004,ROAD_CLOSED,ROAD_CLOSED_EVENT
178661.00999999978,663015.4499999993,ROAD_CLOSED,ROAD_CLOSED_EVENT
183245.83999999985,646569.3200000003,WEATHERHAZARD,HAZARD_ON_ROAD_CONSTRUCTION
188299.2199999997,659292.9600000009,ROAD_CLOSED,ROAD_CLOSED_EVENT
187815.36000000036,667844.1300000008,JAM,JAM_MODERATE_TRAFFIC
178909.51999999955,666038.7699999996,ROAD_CLOSED,ROAD_CLOSED_EVENT
178337.98000000045,659866.5500000007,ROAD_CLOSED,ROAD_CLOSED_EVENT
177321.38999999966,661428.4299999997,ROAD_CLOSED,ROAD_CLOSED_EVENT
188425.4500000002,690887.75,JAM,JAM_MODERATE_TRAFFIC
177388.21999999974,659085.3499999996,JAM,JAM_HEAVY_TRAFFIC
187301.4000000004,659492.1300000008,ROAD_CLOSED,ROAD_CLOSED_EVENT
179116.38999999966,665972.2300000004,ROAD_CLOSED,ROAD_CLOSED_EVENT
187270.0,659512.6500000004,ROAD_CLOSED,ROAD_CLOSED_EVENT
186255.74000000025,659726.9600000009,ROAD_CLOSED,ROAD_CLOSED_EVENT
186323.24000000025,660235.4700000007,ROAD_CLOSED,ROAD_CLOSED_EVENT
178578.91999999993,665596.5600000005,ROAD_CLOSED,ROAD_CLOSED_EVENT
175870.9400000004,659360.8900000006,ROAD_CLOSED,ROAD_CLOSED_EVENT
179100.08999999985,663100.0700000003,ROAD_CLOSED,ROAD_CLOSED_EVENT
185563.5,662936.3499999996,JAM,JAM_HEAVY_TRAFFIC
178909.51999999955,666038.7699999996,ROAD_CLOSED,ROAD_CLOSED_EVENT
178303.9500000002,658434.6099999994,JAM,JAM_MODERATE_TRAFFIC
186100.6399999997,662528.3499999996,JAM,JAM_STAND_STILL_TRAFFIC
178547.0,665523.4900000002,ROAD_CLOSED,ROAD_CLOSED_EVENT
180789.4699999997,664251.6199999992,JAM,JAM_STAND_STILL_TRAFFIC
178813.41999999993,666065.5299999993,ROAD_CLOSED,ROAD_CLOSED_EVENT
180888.59999999963,664771.7699999996,JAM,JAM_STAND_STILL_TRAFFIC
179211.83999999985,663036.8800000008,ROAD_CLOSED,ROAD_CLOSED_EVENT
181425.6900000004,668421.3200000003,ROAD_CLOSED,ROAD_CLOSED_EVENT
188058.71,666467.0399999991,ACCIDENT,ACCIDENT_MINOR
181471.23000000045,664915.2799999993,JAM,JAM_STAND_STILL_TRAFFIC
179714.74000000022,661688.7400000002,JAM,JAM_STAND_STILL_TRAFFIC
191283.08999999985,675529.3599999994,ROAD_CLOSED,ROAD_CLOSED_EVENT
179084.16000000015,663131.1799999997,ROAD_CLOSED,ROAD_CLOSED_EVENT
183694.99000000025,652624.1099999994,ROAD_CLOSED,ROAD_CLOSED_EVENT
189331.3099999996,664251.9299999997,JAM,JAM_STAND_STILL_TRAFFIC
176827.5599999996,656722.3499999996,JAM,JAM_STAND_STILL_TRAFFIC
187667.66999999995,659861.0099999998,ROAD_CLOSED,ROAD_CLOSED_EVENT
182134.7000000002,666640.9199999999,ROAD_CLOSED,ROAD_CLOSED_EVENT
178177.33999999985,654886.4199999999,ROAD_CLOSED,ROAD_CLOSED_EVENT
190137.86000000036,659584.3200000003,ROAD_CLOSED,ROAD_CLOSED_EVENT
180789.41999999995,661429.6300000008,ROAD_CLOSED,ROAD_CLOSED_EVENT
186007.91999999995,664030.5099999998,JAM,JAM_STAND_STILL_TRAFFIC
180203.3899999997,664526.0800000001,JAM,JAM_STAND_STILL_TRAFFIC
188893.0700000003,666415.7599999998,JAM,JAM_HEAVY_TRAFFIC
180774.2199999997,661479.4800000004,ROAD_CLOSED,ROAD_CLOSED_EVENT
179115.53000000026,665875.9800000004,ROAD_CLOSED,ROAD_CLOSED_EVENT
177408.16000000015,662268.3399999999,ROAD_CLOSED,ROAD_CLOSED_EVENT
179211.83999999985,663036.8800000008,ROAD_CLOSED,ROAD_CLOSED_EVENT
180100.8200000003,652191.5700000003,JAM,JAM_STAND_STILL_TRAFFIC
180774.2199999997,661479.4800000004,ROAD_CLOSED,ROAD_CLOSED_EVENT
177381.6299999999,661904.2699999996,ROAD_CLOSED,ROAD_CLOSED_EVENT
178540.1799999997,663026.1099999994,ROAD_CLOSED,ROAD_CLOSED_EVENT
185270.09999999963,664657.1799999997,JAM,JAM_STAND_STILL_TRAFFIC
179719.23000000045,665936.1300000008,ROAD_CLOSED,ROAD_CLOSED_EVENT
179748.33000000007,666135.5099999998,ROAD_CLOSED,ROAD_CLOSED_EVENT
187492.6399999997,659382.8399999999,ROAD_CLOSED,ROAD_CLOSED_EVENT
185861.98000000045,672598.8100000005,ROAD_CLOSED,ROAD_CLOSED_EVENT
187498.5599999996,659374.9499999993,ROAD_CLOSED,ROAD_CLOSED_EVENT
181110.7999999998,666384.0800000001,JAM,JAM_STAND_STILL_TRAFFIC
187563.1299999999,668468.4100000001,JAM,JAM_HEAVY_TRAFFIC
182588.3200000003,669565.6500000004,JAM,JAM_HEAVY_TRAFFIC
180123.75,664122.7300000004,ROAD_CLOSED,ROAD_CLOSED_EVENT
180183.76999999955,662400.3399999999,ROAD_CLOSED,ROAD_CLOSED_EVENT
190898.58999999985,666387.8800000008,JAM,JAM_HEAVY_TRAFFIC
179062.41999999993,665885.5,ROAD_CLOSED,ROAD_CLOSED_EVENT
187269.54000000004,659426.4900000002,ROAD_CLOSED,ROAD_CLOSED_EVENT
177419.7000000002,662364.0999999996,ROAD_CLOSED,ROAD_CLOSED_EVENT
186823.0700000003,665878.4399999995,JAM,JAM_STAND_STILL_TRAFFIC
187315.9400000004,667871.9700000007,JAM,JAM_STAND_STILL_TRAFFIC
178931.01999999955,663613.25,JAM,JAM_HEAVY_TRAFFIC
186061.3700000001,667488.1500000004,JAM,JAM_MODERATE_TRAFFIC
182166.58999999985,664471.4100000001,JAM,JAM_STAND_STILL_TRAFFIC
179075.4500000002,663147.9499999993,ROAD_CLOSED,ROAD_CLOSED_EVENT
182329.61000000036,665960.5199999996,ROAD_CLOSED,ROAD_CLOSED_EVENT
177363.59999999963,661768.3800000008,ROAD_CLOSED,ROAD_CLOSED_EVENT
179637.86000000034,666301.2699999996,JAM,JAM_HEAVY_TRAFFIC
179116.38999999966,665972.2300000004,ROAD_CLOSED,ROAD_CLOSED_EVENT
187492.6399999997,659382.8399999999,ROAD_CLOSED,ROAD_CLOSED_EVENT
167042.24000000022,633549.8699999992,ROAD_CLOSED,ROAD_CLOSED_EVENT
184590.86000000036,665489.8900000006,JAM,JAM_MODERATE_TRAFFIC
185587.29000000004,665462.1699999999,JAM,JAM_STAND_STILL_TRAFFIC
183119.1500000004,668130.25,ROAD_CLOSED,ROAD_CLOSED_EVENT
176533.04000000004,658207.4299999997,ROAD_CLOSED,ROAD_CLOSED_EVENT
183309.6200000001,662197.2400000002,JAM,JAM_NO_SUBTYPE
177405.6900000004,662240.8399999999,ROAD_CLOSED,ROAD_CLOSED_EVENT
191782.3099999996,675664.8599999994,WEATHERHAZARD,HAZARD_ON_ROAD_CONSTRUCTION
187301.4000000004,659492.1300000008,ROAD_CLOSED,ROAD_CLOSED_EVENT
178693.75,665885.8900000006,ROAD_CLOSED,ROAD_CLOSED_EVENT
178693.75,665885.8900000006,ROAD_CLOSED,ROAD_CLOSED_EVENT
178730.48000000045,662794.9600000009,JAM,JAM_STAND_STILL_TRAFFIC
178168.38999999966,663005.3399999999,JAM,JAM_MODERATE_TRAFFIC
177368.63999999966,658644.7400000002,JAM,JAM_MODERATE_TRAFFIC
180774.2199999997,661479.4800000004,ROAD_CLOSED,ROAD_CLOSED_EVENT
178747.04000000004,666085.1899999995,ROAD_CLOSED,ROAD_CLOSED_EVENT
177395.46999999974,662145.5199999996,ROAD_CLOSED,ROAD_CLOSED_EVENT
178869.75,664823.9800000004,JAM,JAM_HEAVY_TRAFFIC
177965.59999999963,658892.7699999996,ROAD_CLOSED,ROAD_CLOSED_EVENT
178678.98000000045,665826.8399999999,ROAD_CLOSED,ROAD_CLOSED_EVENT
177401.2000000002,662045.3599999994,ROAD_CLOSED,ROAD_CLOSED_EVENT
178733.74000000022,662995.6600000001,ROAD_CLOSED,ROAD_CLOSED_EVENT
185531.2199999997,663934.3900000006,ROAD_CLOSED,ROAD_CLOSED_EVENT
179115.53000000026,665875.9800000004,ROAD_CLOSED,ROAD_CLOSED_EVENT
190015.04000000004,659611.7300000004,ROAD_CLOSED,ROAD_CLOSED_EVENT
184180.33000000007,667415.75,JAM,JAM_HEAVY_TRAFFIC
178618.1799999997,665686.4600000009,ROAD_CLOSED,ROAD_CLOSED_EVENT
180636.83000000007,664833.2699999996,ROAD_CLOSED,ROAD_CLOSED_EVENT
182281.0499999998,666002.6300000008,ROAD_CLOSED,ROAD_CLOSED_EVENT
186290.9000000004,659876.8599999994,ROAD_CLOSED,ROAD_CLOSED_EVENT
185689.99000000025,660326.6899999995,WEATHERHAZARD,HAZARD_ON_ROAD_TRAFFIC_LIGHT_FAULT
178861.83999999985,667008.8200000003,JAM,JAM_STAND_STILL_TRAFFIC
179733.25,662487.6500000004,ROAD_CLOSED,ROAD_CLOSED_EVENT
187663.8200000003,659810.7899999991,ROAD_CLOSED,ROAD_CLOSED_EVENT
186370.9000000004,660223.4299999997,ROAD_CLOSED,ROAD_CLOSED_EVENT
185616.6399999997,674911.5099999998,JAM,JAM_STAND_STILL_TRAFFIC
178853.0599999996,645047.1500000004,ROAD_CLOSED,ROAD_CLOSED_EVENT
180885.86000000036,661653.9299999997,JAM,JAM_HEAVY_TRAFFIC
182076.08999999985,663842.1099999994,JAM,JAM_STAND_STILL_TRAFFIC
187270.0,659512.6500000004,ROAD_CLOSED,ROAD_CLOSED_EVENT
186656.04000000004,688252.0099999998,JAM,JAM_HEAVY_TRAFFIC
186260.91999999995,659751.1099999994,ROAD_CLOSED,ROAD_CLOSED_EVENT
181954.53000000023,664345.2400000002,ROAD_CLOSED,ROAD_CLOSED_EVENT
189063.1399999997,666780.6199999992,JAM,JAM_MODERATE_TRAFFIC
178330.41000000015,663207.7699999996,WEATHERHAZARD,HAZARD_ON_ROAD_CONSTRUCTION
178813.41999999993,666065.5299999993,ROAD_CLOSED,ROAD_CLOSED_EVENT
177855.20999999996,663504.8699999992,JAM,JAM_STAND_STILL_TRAFFIC
179499.74000000022,665361.4299999997,JAM,JAM_STAND_STILL_TRAFFIC
181202.3099999996,666594.9900000002,JAM,JAM_MODERATE_TRAFFIC
178491.23000000045,663020.3100000005,ROAD_CLOSED,ROAD_CLOSED_EVENT
167674.66999999993,632177.8499999996,JAM,JAM_MODERATE_TRAFFIC
178578.91999999993,665596.5600000005,ROAD_CLOSED,ROAD_CLOSED_EVENT
178540.1799999997,663026.1099999994,ROAD_CLOSED,ROAD_CLOSED_EVENT
190376.75999999975,673074.4199999999,JAM,JAM_HEAVY_TRAFFIC
187492.6399999997,659382.8399999999,ROAD_CLOSED,ROAD_CLOSED_EVENT
187422.34999999963,659473.8200000003,ROAD_CLOSED,ROAD_CLOSED_EVENT
186255.74000000025,659726.9600000009,ROAD_CLOSED,ROAD_CLOSED_EVENT
193834.58000000007,676688.6099999994,WEATHERHAZARD,HAZARD_ON_ROAD_CAR_STOPPED
190015.04000000004,659611.7300000004,ROAD_CLOSED,ROAD_CLOSED_EVENT
175873.61000000034,659035.5199999996,ROAD_CLOSED,ROAD_CLOSED_EVENT
179681.75999999978,662507.3699999992,ROAD_CLOSED,ROAD_CLOSED_EVENT
178618.1799999997,665686.4600000009,ROAD_CLOSED,ROAD_CLOSED_EVENT
179631.79000000004,666342.2200000007,JAM,JAM_HEAVY_TRAFFIC
180770.2999999998,661493.5800000001,ROAD_CLOSED,ROAD_CLOSED_EVENT
181954.53000000023,664345.2400000002,ROAD_CLOSED,ROAD_CLOSED_EVENT
184005.26999999955,644386.4199999999,JAM,JAM_HEAVY_TRAFFIC
177413.54000000004,662175.6099999994,ROAD_CLOSED,ROAD_CLOSED_EVENT
188271.1200000001,659466.2799999993,ROAD_CLOSED,ROAD_CLOSED_EVENT
182433.84999999963,651062.5199999996,WEATHERHAZARD,HAZARD_ON_ROAD_CAR_STOPPED
185753.6799999997,666640.4299999997,JAM,JAM_STAND_STILL_TRAFFIC
189613.1399999997,659628.6600000001,ROAD_CLOSED,ROAD_CLOSED_EVENT
186255.74000000025,659726.9600000009,ROAD_CLOSED,ROAD_CLOSED_EVENT
177349.91999999993,661773.3100000005,ROAD_CLOSED,ROAD_CLOSED_EVENT
188285.58999999985,659377.2899999991,ROAD_CLOSED,ROAD_CLOSED_EVENT
183741.01999999955,652595.0,ROAD_CLOSED,ROAD_CLOSED_EVENT
186205.24000000025,659506.6899999995,ROAD_CLOSED,ROAD_CLOSED_EVENT
178547.0,665523.4900000002,ROAD_CLOSED,ROAD_CLOSED_EVENT
188031.83999999985,690994.4800000004,JAM,JAM_STAND_STILL_TRAFFIC
187725.5700000003,692407.4100000001,JAM,JAM_STAND_STILL_TRAFFIC
179674.59999999963,663477.4800000004,ROAD_CLOSED,ROAD_CLOSED_EVENT
179222.96999999974,663009.2200000007,ROAD_CLOSED,ROAD_CLOSED_EVENT
179748.33000000007,666135.5099999998,ROAD_CLOSED,ROAD_CLOSED_EVENT
179211.83999999985,663036.8800000008,ROAD_CLOSED,ROAD_CLOSED_EVENT
178693.75,665885.8900000006,ROAD_CLOSED,ROAD_CLOSED_EVENT
185242.91999999995,665054.8300000001,JAM,JAM_STAND_STILL_TRAFFIC
179494.9299999997,663510.6500000004,ROAD_CLOSED,ROAD_CLOSED_EVENT
176901.25999999978,661672.7599999998,ROAD_CLOSED,ROAD_CLOSED_EVENT
180794.6399999997,661410.1999999993,ROAD_CLOSED,ROAD_CLOSED_EVENT
187499.1399999997,692625.7300000004,JAM,JAM_HEAVY_TRAFFIC
182480.1299999999,651650.4100000001,JAM,JAM_MODERATE_TRAFFIC
179177.2000000002,662945.9700000007,ROAD_CLOSED,ROAD_CLOSED_EVENT
188364.46,692315.1600000001,JAM,JAM_STAND_STILL_TRAFFIC
177405.6900000004,662240.8399999999,ROAD_CLOSED,ROAD_CLOSED_EVENT
179434.73000000045,663473.0600000005,ROAD_CLOSED,ROAD_CLOSED_EVENT
183921.8700000001,667656.5899999999,JAM,JAM_MODERATE_TRAFFIC
180770.2999999998,661493.5800000001,ROAD_CLOSED,ROAD_CLOSED_EVENT
181718.1900000004,652152.6300000008,JAM,JAM_STAND_STILL_TRAFFIC
195276.41000000012,676431.9900000002,WEATHERHAZARD,HAZARD_ON_SHOULDER_CAR_STOPPED
185542.6900000004,664798.9800000004,JAM,JAM_STAND_STILL_TRAFFIC
187269.54000000004,659426.4900000002,ROAD_CLOSED,ROAD_CLOSED_EVENT
188285.58999999985,659377.2899999991,ROAD_CLOSED,ROAD_CLOSED_EVENT
180689.86000000036,657504.1899999995,ROAD_CLOSED,ROAD_CLOSED_EVENT
179062.41999999993,665885.5,ROAD_CLOSED,ROAD_CLOSED_EVENT
178327.86000000034,663276.1999999993,ROAD_CLOSED,ROAD_CLOSED_CONSTRUCTION
178823.16000000015,658896.9600000009,JAM,JAM_STAND_STILL_TRAFFIC
180344.96,664164.5899999999,ROAD_CLOSED,ROAD_CLOSED_EVENT
179055.76999999955,663114.8699999992,ROAD_CLOSED,ROAD_CLOSED_EVENT
177405.6900000004,662240.8399999999,ROAD_CLOSED,ROAD_CLOSED_EVENT
177419.7000000002,662364.0999999996,ROAD_CLOSED,ROAD_CLOSED_EVENT
181531.99000000025,666246.4299999997,JAM,JAM_STAND_STILL_TRAFFIC
179116.7000000002,665979.1099999994,ROAD_CLOSED,ROAD_CLOSED_EVENT
191484.1399999997,675480.1400000006,ROAD_CLOSED,ROAD_CLOSED_EVENT
177419.7000000002,662364.0999999996,ROAD_CLOSED,ROAD_CLOSED_EVENT
185861.98000000045,672598.8100000005,ROAD_CLOSED,ROAD_CLOSED_EVENT
176440.09999999963,658214.3300000001,ROAD_CLOSED,ROAD_CLOSED_EVENT
178618.1799999997,665686.4600000009,ROAD_CLOSED,ROAD_CLOSED_EVENT
181490.3200000003,666211.3200000003,JAM,JAM_HEAVY_TRAFFIC
186810.84999999963,695239.0700000003,ROAD_CLOSED,ROAD_CLOSED_EVENT
178099.0599999996,659558.2799999993,ROAD_CLOSED,ROAD_CLOSED_EVENT
175881.0700000003,659144.1699999999,ROAD_CLOSED,ROAD_CLOSED_EVENT
178099.0599999996,659558.2799999993,ROAD_CLOSED,ROAD_CLOSED_EVENT
186004.1399999997,659312.2799999993,ROAD_CLOSED,ROAD_CLOSED_EVENT
179055.76999999955,663114.8699999992,ROAD_CLOSED,ROAD_CLOSED_EVENT
183106.1299999999,668131.3000000007,JAM,JAM_HEAVY_TRAFFIC
181570.66999999995,667685.5500000007,JAM,JAM_HEAVY_TRAFFIC
185652.08000000007,664900.0299999993,JAM,JAM_STAND_STILL_TRAFFIC
186319.91999999995,666011.0800000001,JAM,JAM_HEAVY_TRAFFIC
183151.98000000045,665927.1400000006,JAM,JAM_HEAVY_TRAFFIC
180749.91999999995,661572.5,ROAD_CLOSED,ROAD_CLOSED_EVENT
178738.1799999997,661886.2699999996,ROAD_CLOSED,ROAD_CLOSED_EVENT
178733.74000000022,662995.6600000001,ROAD_CLOSED,ROAD_CLOSED_EVENT
185618.9299999997,663703.0700000003,JAM,JAM_STAND_STILL_TRAFFIC
177419.7000000002,662364.0999999996,ROAD_CLOSED,ROAD_CLOSED_EVENT
184664.11000000036,665650.6199999992,JAM,JAM_HEAVY_TRAFFIC
183720.41000000012,666760.4499999993,ROAD_CLOSED,ROAD_CLOSED_EVENT
177992.8200000003,662165.4399999995,JAM,JAM_HEAVY_TRAFFIC
185306.2000000002,666637.6899999995,JAM,JAM_STAND_STILL_TRAFFIC
182643.86000000036,675915.1400000006,ROAD_CLOSED,ROAD_CLOSED_EVENT
190853.28000000023,665816.0700000003,JAM,JAM_STAND_STILL_TRAFFIC
180919.83000000007,665488.8000000007,JAM,JAM_STAND_STILL_TRAFFIC
179115.53000000026,665875.9800000004,ROAD_CLOSED,ROAD_CLOSED_EVENT
185873.58000000007,662118.9000000004,JAM,JAM_STAND_STILL_TRAFFIC
182260.1399999997,653595.2899999991,JAM,JAM_STAND_STILL_TRAFFIC
178698.5599999996,663005.4399999995,ROAD_CLOSED,ROAD_CLOSED_EVENT
181415.41999999995,668955.0800000001,ROAD_CLOSED,ROAD_CLOSED_EVENT
186255.74000000025,659726.9600000009,ROAD_CLOSED,ROAD_CLOSED_EVENT
182332.49000000025,662554.2300000004,JAM,JAM_MODERATE_TRAFFIC
178672.3799999999,665806.7899999991,ROAD_CLOSED,ROAD_CLOSED_EVENT
177321.38999999966,661428.4299999997,ROAD_CLOSED,ROAD_CLOSED_EVENT
179337.13999999966,644997.9700000007,ROAD_CLOSED,ROAD_CLOSED_EVENT
179719.23000000045,665936.1300000008,ROAD_CLOSED,ROAD_CLOSED_EVENT
178853.0599999996,645047.1500000004,ROAD_CLOSED,ROAD_CLOSED_EVENT
181184.03000000023,652598.1099999994,JAM,JAM_NO_SUBTYPE
182220.6200000001,674278.4199999999,JAM,JAM_STAND_STILL_TRAFFIC
167719.46999999974,633932.6699999999,WEATHERHAZARD,WEATHERHAZARD_NO_SUBTYPE
181529.51999999955,663836.5199999996,JAM,JAM_STAND_STILL_TRAFFIC
181660.79000000004,646711.6999999993,WEATHERHAZARD,WEATHERHAZARD_NO_SUBTYPE
177937.33999999985,658564.3000000007,ROAD_CLOSED,ROAD_CLOSED_EVENT
183044.76999999955,662954.75,JAM,JAM_HEAVY_TRAFFIC
185207.1500000004,664804.4600000009,JAM,JAM_STAND_STILL_TRAFFIC
178444.6299999999,644497.7799999993,JAM,JAM_HEAVY_TRAFFIC
179211.83999999985,663036.8800000008,ROAD_CLOSED,ROAD_CLOSED_EVENT
186810.84999999963,695239.0700000003,ROAD_CLOSED,ROAD_CLOSED_EVENT
180386.16000000012,662965.6799999997,JAM,JAM_STAND_STILL_TRAFFIC
178578.91999999993,665596.5600000005,ROAD_CLOSED,ROAD_CLOSED_EVENT
178823.96999999974,662650.6699999999,JAM,JAM_HEAVY_TRAFFIC
182834.50999999975,669555.1899999995,JAM,JAM_HEAVY_TRAFFIC
178874.70999999996,665879.6600000001,JAM,JAM_STAND_STILL_TRAFFIC
178192.46999999974,663143.5299999993,JAM,JAM_STAND_STILL_TRAFFIC
181954.53000000023,664345.2400000002,ROAD_CLOSED,ROAD_CLOSED_EVENT
180932.75,662415.9199999999,JAM,JAM_NO_SUBTYPE
177419.7000000002,662364.0999999996,ROAD_CLOSED,ROAD_CLOSED_EVENT
183461.99000000025,662341.8200000003,JAM,JAM_STAND_STILL_TRAFFIC
179022.34999999963,665899.0600000005,ROAD_CLOSED,ROAD_CLOSED_EVENT
186205.24000000025,659506.6899999995,ROAD_CLOSED,ROAD_CLOSED_EVENT
183486.75999999975,663469.9399999995,JAM,JAM_NO_SUBTYPE
187422.34999999963,659473.8200000003,ROAD_CLOSED,ROAD_CLOSED_EVENT
176397.90000000037,659496.8499999996,WEATHERHAZARD,HAZARD_ON_SHOULDER_CAR_STOPPED
178284.33999999985,664471.3399999999,ROAD_CLOSED,ROAD_CLOSED_EVENT
178678.98000000045,665826.8399999999,ROAD_CLOSED,ROAD_CLOSED_EVENT
187286.83999999985,659459.1400000006,ROAD_CLOSED,ROAD_CLOSED_EVENT
180759.6799999997,661531.8699999992,ROAD_CLOSED,ROAD_CLOSED_EVENT
187492.6399999997,659382.8399999999,ROAD_CLOSED,ROAD_CLOSED_EVENT
182882.1399999997,669549.0199999996,JAM,JAM_HEAVY_TRAFFIC
186073.91999999995,691760.8499999996,JAM,JAM_HEAVY_TRAFFIC
186205.24000000025,659506.6899999995,ROAD_CLOSED,ROAD_CLOSED_EVENT
181445.04000000004,668673.0800000001,ROAD_CLOSED,ROAD_CLOSED_EVENT
178928.20999999996,656924.6699999999,JAM,JAM_HEAVY_TRAFFIC
186260.91999999995,659751.1099999994,ROAD_CLOSED,ROAD_CLOSED_EVENT
187269.54000000004,659426.4900000002,ROAD_CLOSED,ROAD_CLOSED_EVENT
180097.86000000034,644708.0,JAM,JAM_STAND_STILL_TRAFFIC
180344.96,664164.5899999999,ROAD_CLOSED,ROAD_CLOSED_EVENT
187249.4699999997,659502.8599999994,ROAD_CLOSED,ROAD_CLOSED_EVENT
179004.88999999966,658838.9399999995,ROAD_CLOSED,ROAD_CLOSED_EVENT
186750.33999999985,658747.4600000009,WEATHERHAZARD,HAZARD_ON_ROAD_CAR_STOPPED
179225.83999999985,663041.8200000003,ROAD_CLOSED,ROAD_CLOSED_EVENT
179225.83999999985,663041.8200000003,ROAD_CLOSED,ROAD_CLOSED_EVENT
191955.6500000004,675241.0500000007,JAM,JAM_STAND_STILL_TRAFFIC
188271.1200000001,659466.2799999993,ROAD_CLOSED,ROAD_CLOSED_EVENT
178605.73000000045,663736.4600000009,JAM,JAM_HEAVY_TRAFFIC
189171.3799999999,665400.1500000004,JAM,JAM_HEAVY_TRAFFIC
177437.83000000007,662499.7699999996,ROAD_CLOSED,ROAD_CLOSED_EVENT
179177.2000000002,662945.9700000007,ROAD_CLOSED,ROAD_CLOSED_EVENT
181468.41000000012,665578.5399999991,JAM,JAM_STAND_STILL_TRAFFIC
177178.98000000045,662547.0999999996,JAM,JAM_HEAVY_TRAFFIC
177947.29000000004,658711.3100000005,ROAD_CLOSED,ROAD_CLOSED_EVENT
186255.74000000025,659726.9600000009,ROAD_CLOSED,ROAD_CLOSED_EVENT
178672.3799999999,665806.7899999991,ROAD_CLOSED,ROAD_CLOSED_EVENT
185539.86000000036,663891.3399999999,ROAD_CLOSED,ROAD_CLOSED_EVENT
182658.25999999975,669383.8599999994,ROAD_CLOSED,ROAD_CLOSED_EVENT
186137.4699999997,667320.3000000007,JAM,JAM_STAND_STILL_TRAFFIC
183051.8099999996,670283.3699999992,JAM,JAM_MODERATE_TRAFFIC
177403.1200000001,662212.1300000008,ROAD_CLOSED,ROAD_CLOSED_EVENT
178456.8099999996,664204.9900000002,JAM,JAM_HEAVY_TRAFFIC
179107.7000000002,663112.9000000004,ROAD_CLOSED,ROAD_CLOSED_EVENT
177947.29000000004,658711.3100000005,ROAD_CLOSED,ROAD_CLOSED_EVENT
183694.99000000025,652624.1099999994,ROAD_CLOSED,ROAD_CLOSED_EVENT
183505.98000000045,645931.8100000005,WEATHERHAZARD,HAZARD_ON_SHOULDER_CAR_STOPPED
180789.41999999995,661429.6300000008,ROAD_CLOSED,ROAD_CLOSED_EVENT
186087.3099999996,667713.1600000001,JAM,JAM_HEAVY_TRAFFIC
179078.8099999996,645173.0500000007,ROAD_CLOSED,ROAD_CLOSED_EVENT
181436.3700000001,668475.5,ROAD_CLOSED,ROAD_CLOSED_EVENT
179541.38999999966,666183.6500000004,JAM,JAM_STAND_STILL_TRAFFIC
177631.91999999993,662594.9600000009,JAM,JAM_STAND_STILL_TRAFFIC
177408.16000000015,662268.3399999999,ROAD_CLOSED,ROAD_CLOSED_EVENT
179075.4500000002,663147.9499999993,ROAD_CLOSED,ROAD_CLOSED_EVENT
181610.0,656493.1500000004,JAM,JAM_STAND_STILL_TRAFFIC
181844.6399999997,645807.2300000004,JAM,JAM_HEAVY_TRAFFIC
177363.59999999963,661768.3800000008,ROAD_CLOSED,ROAD_CLOSED_EVENT
180187.5499999998,664213.4199999999,WEATHERHAZARD,HAZARD_ON_ROAD_CONSTRUCTION
179694.4400000004,665825.2200000007,ROAD_CLOSED,ROAD_CLOSED_EVENT
178474.1299999999,665925.3100000005,JAM,JAM_NO_SUBTYPE
183013.09999999963,650764.1400000006,WEATHERHAZARD,HAZARD_ON_ROAD_CONSTRUCTION
183450.11000000036,670249.4800000004,JAM,JAM_MODERATE_TRAFFIC
191556.61000000036,675457.2400000002,ROAD_CLOSED,ROAD_CLOSED_EVENT
177349.91999999993,661773.3100000005,ROAD_CLOSED,ROAD_CLOSED_EVENT
185751.58999999985,667493.3100000005,JAM,JAM_HEAVY_TRAFFIC
179974.5599999996,662395.0299999993,ROAD_CLOSED,ROAD_CLOSED_EVENT
187651.54000000004,668612.5700000003,JAM,JAM_STAND_STILL_TRAFFIC
177366.4400000004,661908.0899999999,ROAD_CLOSED,ROAD_CLOSED_EVENT
182697.23000000045,665933.3000000007,JAM,JAM_HEAVY_TRAFFIC
178578.91999999993,665596.5600000005,ROAD_CLOSED,ROAD_CLOSED_EVENT
178201.46999999974,659792.7699999996,ROAD_CLOSED,ROAD_CLOSED_EVENT
185640.66000000012,689808.4600000009,JAM,JAM_HEAVY_TRAFFIC
177631.99000000022,662590.7400000002,JAM,JAM_STAND_STILL_TRAFFIC
185945.34999999963,672815.7400000002,ROAD_CLOSED,ROAD_CLOSED_EVENT
186285.4500000002,659886.3100000005,ROAD_CLOSED,ROAD_CLOSED_EVENT
175876.00999999978,658912.0899999999,ROAD_CLOSED,ROAD_CLOSED_EVENT
178084.6299999999,662379.2200000007,WEATHERHAZARD,HAZARD_ON_ROAD_CONSTRUCTION
178540.1799999997,663026.1099999994,ROAD_CLOSED,ROAD_CLOSED_EVENT
187687.1200000001,659857.8300000001,ROAD_CLOSED,ROAD_CLOSED_EVENT
178155.11000000034,654834.6099999994,ROAD_CLOSED,ROAD_CLOSED_EVENT
176768.33000000007,658079.6799999997,ROAD_CLOSED,ROAD_CLOSED_EVENT
177426.34999999963,662419.4100000001,ROAD_CLOSED,ROAD_CLOSED_EVENT
179004.88999999966,658838.9399999995,ROAD_CLOSED,ROAD_CLOSED_EVENT
185861.74000000025,662224.7400000002,WEATHERHAZARD,HAZARD_ON_ROAD_CONSTRUCTION
181954.53000000023,664345.2400000002,ROAD_CLOSED,ROAD_CLOSED_EVENT
184696.3200000003,666651.9700000007,JAM,JAM_STAND_STILL_TRAFFIC
181917.79000000004,643861.3499999996,WEATHERHAZARD,HAZARD_WEATHER_FOG
179116.38999999966,665972.2300000004,ROAD_CLOSED,ROAD_CLOSED_EVENT
181474.0700000003,669749.6300000008,JAM,JAM_HEAVY_TRAFFIC
187270.0,659512.6500000004,ROAD_CLOSED,ROAD_CLOSED_EVENT
186370.9000000004,660223.4299999997,ROAD_CLOSED,ROAD_CLOSED_EVENT
180832.83999999985,670455.3300000001,JAM,JAM_MODERATE_TRAFFIC
189201.59999999963,666802.4900000002,JAM,JAM_STAND_STILL_TRAFFIC
182659.3099999996,676380.8300000001,JAM,JAM_HEAVY_TRAFFIC
180636.83000000007,664833.2699999996,ROAD_CLOSED,ROAD_CLOSED_EVENT
179004.88999999966,658838.9399999995,ROAD_CLOSED,ROAD_CLOSED_EVENT
179116.7000000002,665979.1099999994,ROAD_CLOSED,ROAD_CLOSED_EVENT
178672.3799999999,665806.7899999991,ROAD_CLOSED,ROAD_CLOSED_EVENT
176768.33000000007,658079.6799999997,ROAD_CLOSED,ROAD_CLOSED_EVENT
182608.1900000004,668225.0,JAM,JAM_HEAVY_TRAFFIC
179877.4500000002,661488.9700000007,JAM,JAM_STAND_STILL_TRAFFIC
167377.5499999998,632220.2200000007,JAM,JAM_MODERATE_TRAFFIC
182847.36000000036,676352.8399999999,JAM,JAM_HEAVY_TRAFFIC
186255.74000000025,659726.9600000009,ROAD_CLOSED,ROAD_CLOSED_EVENT
179182.24000000022,665961.1099999994,ROAD_CLOSED,ROAD_CLOSED_EVENT
185902.78000000023,666625.5600000005,JAM,JAM_STAND_STILL_TRAFFIC
183694.99000000025,652624.1099999994,ROAD_CLOSED,ROAD_CLOSED_EVENT
181473.0499999998,664746.2799999993,JAM,JAM_STAND_STILL_TRAFFIC
183694.99000000025,652624.1099999994,ROAD_CLOSED,ROAD_CLOSED_EVENT
179719.23000000045,665936.1300000008,ROAD_CLOSED,ROAD_CLOSED_EVENT
180569.23000000045,668024.1199999992,WEATHERHAZARD,HAZARD_ON_SHOULDER_CAR_STOPPED
179114.2000000002,663968.3000000007,JAM,JAM_STAND_STILL_TRAFFIC
186255.74000000025,659726.9600000009,ROAD_CLOSED,ROAD_CLOSED_EVENT
181528.50999999975,652777.4499999993,JAM,JAM_STAND_STILL_TRAFFIC
182957.8899999997,665300.8900000006,JAM,JAM_HEAVY_TRAFFIC
186260.91999999995,659751.1099999994,ROAD_CLOSED,ROAD_CLOSED_EVENT
189608.8799999999,659721.5999999996,ROAD_CLOSED,ROAD_CLOSED_EVENT
186355.36000000036,664975.0,JAM,JAM_MODERATE_TRAFFIC
175870.9400000004,659360.8900000006,ROAD_CLOSED,ROAD_CLOSED_EVENT
189948.21,659628.6099999994,ROAD_CLOSED,ROAD_CLOSED_EVENT
187498.5599999996,659374.9499999993,ROAD_CLOSED,ROAD_CLOSED_EVENT
177956.8700000001,658813.6199999992,ROAD_CLOSED,ROAD_CLOSED_EVENT
191370.46,675506.0700000003,ROAD_CLOSED,ROAD_CLOSED_EVENT
179182.24000000022,665961.1099999994,ROAD_CLOSED,ROAD_CLOSED_EVENT
182658.84999999963,657421.9000000004,WEATHERHAZARD,HAZARD_ON_SHOULDER_CAR_STOPPED
178661.00999999978,663015.4499999993,ROAD_CLOSED,ROAD_CLOSED_EVENT
186647.59999999963,695230.3699999992,ROAD_CLOSED,ROAD_CLOSED_EVENT
177395.46999999974,662145.5199999996,ROAD_CLOSED,ROAD_CLOSED_EVENT
179337.13999999966,644997.9700000007,ROAD_CLOSED,ROAD_CLOSED_EVENT
183230.71,663007.0500000007,JAM,JAM_HEAVY_TRAFFIC
188644.21,665817.4399999995,JAM,JAM_STAND_STILL_TRAFFIC
186260.91999999995,659751.1099999994,ROAD_CLOSED,ROAD_CLOSED_EVENT
188271.1200000001,659466.2799999993,ROAD_CLOSED,ROAD_CLOSED_EVENT
178813.41999999993,666065.5299999993,ROAD_CLOSED,ROAD_CLOSED_EVENT
178747.04000000004,666085.1899999995,ROAD_CLOSED,ROAD_CLOSED_EVENT
177381.6299999999,661904.2699999996,ROAD_CLOSED,ROAD_CLOSED_EVENT
187667.66999999995,659861.0099999998,ROAD_CLOSED,ROAD_CLOSED_EVENT
178491.23000000045,663020.3100000005,ROAD_CLOSED,ROAD_CLOSED_EVENT
181968.3899999997,646841.6099999994,WEATHERHAZARD,HAZARD_ON_ROAD_CONSTRUCTION
187286.83999999985,659459.1400000006,ROAD_CLOSED,ROAD_CLOSED_EVENT
179748.33000000007,666135.5099999998,ROAD_CLOSED,ROAD_CLOSED_EVENT
177403.1200000001,662212.1300000008,ROAD_CLOSED,ROAD_CLOSED_EVENT
186810.84999999963,695239.0700000003,ROAD_CLOSED,ROAD_CLOSED_EVENT
179182.24000000022,665961.1099999994,ROAD_CLOSED,ROAD_CLOSED_EVENT
181048.50999999975,672168.1300000008,JAM,JAM_HEAVY_TRAFFIC
179193.58000000007,662978.9499999993,ROAD_CLOSED,ROAD_CLOSED_EVENT
183694.99000000025,652624.1099999994,ROAD_CLOSED,ROAD_CLOSED_EVENT
177965.59999999963,658892.7699999996,ROAD_CLOSED,ROAD_CLOSED_EVENT
178358.25,661869.4100000001,JAM,JAM_HEAVY_TRAFFIC
178596.6799999997,654625.2400000002,JAM,JAM_STAND_STILL_TRAFFIC
179177.2000000002,662945.9700000007,ROAD_CLOSED,ROAD_CLOSED_EVENT
176765.33999999985,656689.0999999996,JAM,JAM_HEAVY_TRAFFIC
180636.83000000007,664833.2699999996,ROAD_CLOSED,ROAD_CLOSED_EVENT
183644.28000000023,651965.9399999995,WEATHERHAZARD,WEATHERHAZARD_NO_SUBTYPE
188077.50999999975,691998.5500000007,JAM,JAM_STAND_STILL_TRAFFIC
176521.0499999998,658186.7400000002,JAM,JAM_STAND_STILL_TRAFFIC
184708.98000000045,666654.4700000007,ACCIDENT,ACCIDENT_NO_SUBTYPE
178626.95999999996,663024.7799999993,ROAD_CLOSED,ROAD_CLOSED_EVENT
187492.6399999997,659382.8399999999,ROAD_CLOSED,ROAD_CLOSED_EVENT
179045.6900000004,665999.7799999993,ROAD_CLOSED,ROAD_CLOSED_EVENT
178935.59999999963,666162.8699999992,JAM,JAM_HEAVY_TRAFFIC
183408.25999999975,651683.8300000001,JAM,JAM_MODERATE_TRAFFIC
190987.1799999997,675921.7100000009,JAM,JAM_STAND_STILL_TRAFFIC
189948.21,659628.6099999994,ROAD_CLOSED,ROAD_CLOSED_EVENT
179691.03000000026,662438.3599999994,ROAD_CLOSED,ROAD_CLOSED_EVENT
177973.88999999966,662364.6699999999,JAM,JAM_STAND_STILL_TRAFFIC
179117.66000000015,663981.2599999998,ROAD_CLOSED,ROAD_CLOSED_NO_SUBTYPE
181401.4400000004,664659.0500000007,JAM,JAM_STAND_STILL_TRAFFIC
178201.46999999974,659792.7699999996,ROAD_CLOSED,ROAD_CLOSED_EVENT
179414.65000000037,663458.7200000007,ROAD_CLOSED,ROAD_CLOSED_EVENT
183720.41000000012,666760.4499999993,ROAD_CLOSED,ROAD_CLOSED_EVENT
182736.4699999997,668436.4299999997,JAM,JAM_HEAVY_TRAFFIC
185142.1399999997,664901.9600000009,JAM,JAM_STAND_STILL_TRAFFIC
177467.6299999999,662833.2200000007,JAM,JAM_HEAVY_TRAFFIC
186299.49000000025,659875.3900000006,ROAD_CLOSED,ROAD_CLOSED_EVENT
180774.2199999997,661479.4800000004,ROAD_CLOSED,ROAD_CLOSED_EVENT
179273.79000000004,663060.5999999996,ROAD_CLOSED,ROAD_CLOSED_EVENT
179116.7000000002,665979.1099999994,ROAD_CLOSED,ROAD_CLOSED_EVENT
185199.2999999998,664576.9399999995,JAM,JAM_NO_SUBTYPE
179116.38999999966,665972.2300000004,ROAD_CLOSED,ROAD_CLOSED_EVENT
180770.2999999998,661493.5800000001,ROAD_CLOSED,ROAD_CLOSED_EVENT
181515.5499999998,663785.0099999998,JAM,JAM_STAND_STILL_TRAFFIC
177419.7000000002,662364.0999999996,ROAD_CLOSED,ROAD_CLOSED_EVENT
179211.83999999985,663036.8800000008,ROAD_CLOSED,ROAD_CLOSED_EVENT
179055.76999999955,663114.8699999992,ROAD_CLOSED,ROAD_CLOSED_EVENT
168229.2999999998,631936.4499999993,ACCIDENT,ACCIDENT_MINOR
177356.33999999985,661702.3200000003,ROAD_CLOSED,ROAD_CLOSED_EVENT
187498.5599999996,659374.9499999993,ROAD_CLOSED,ROAD_CLOSED_EVENT
190015.04000000004,659611.7300000004,ROAD_CLOSED,ROAD_CLOSED_EVENT
186162.73000000045,664161.8900000006,ROAD_CLOSED,ROAD_CLOSED_EVENT
182281.0499999998,666002.6300000008,ROAD_CLOSED,ROAD_CLOSED_EVENT
184837.73000000045,666650.7699999996,JAM,JAM_STAND_STILL_TRAFFIC
191050.7999999998,676988.8000000007,JAM,JAM_MODERATE_TRAFFIC
178177.33999999985,654886.4199999999,ROAD_CLOSED,ROAD_CLOSED_EVENT
185222.53000000023,665112.3499999996,JAM,JAM_HEAVY_TRAFFIC
185348.7000000002,667543.0700000003,JAM,JAM_HEAVY_TRAFFIC
178747.04000000004,666085.1899999995,ROAD_CLOSED,ROAD_CLOSED_EVENT
189050.0499999998,692247.9100000001,JAM,JAM_NO_SUBTYPE
186260.91999999995,659751.1099999994,ROAD_CLOSED,ROAD_CLOSED_EVENT
186290.9000000004,659876.8599999994,ROAD_CLOSED,ROAD_CLOSED_EVENT
177347.7999999998,661625.0600000005,ROAD_CLOSED,ROAD_CLOSED_EVENT
179078.8099999996,645173.0500000007,ROAD_CLOSED,ROAD_CLOSED_EVENT
185945.34999999963,672815.7400000002,ROAD_CLOSED,ROAD_CLOSED_EVENT
186370.9000000004,660223.4299999997,ROAD_CLOSED,ROAD_CLOSED_EVENT
179459.23000000045,663508.2300000004,ROAD_CLOSED,ROAD_CLOSED_EVENT
178337.98000000045,659866.5500000007,ROAD_CLOSED,ROAD_CLOSED_EVENT
179694.4400000004,665825.2200000007,ROAD_CLOSED,ROAD_CLOSED_EVENT
178134.86000000034,659696.8800000008,ROAD_CLOSED,ROAD_CLOSED_EVENT
177413.54000000004,662175.6099999994,ROAD_CLOSED,ROAD_CLOSED_EVENT
178678.98000000045,665826.8399999999,ROAD_CLOSED,ROAD_CLOSED_EVENT
177146.7999999998,655025.3800000008,JAM,JAM_STAND_STILL_TRAFFIC
179084.16000000015,663131.1799999997,ROAD_CLOSED,ROAD_CLOSED_EVENT
178572.4400000004,662475.9600000009,WEATHERHAZARD,HAZARD_ON_ROAD_CAR_STOPPED
186960.9299999997,667275.9399999995,WEATHERHAZARD,HAZARD_ON_ROAD_CAR_STOPPED
177395.46999999974,662145.5199999996,ROAD_CLOSED,ROAD_CLOSED_EVENT
179694.4400000004,665825.2200000007,ROAD_CLOSED,ROAD_CLOSED_EVENT
184529.4400000004,665307.1500000004,WEATHERHAZARD,HAZARD_ON_ROAD_CAR_STOPPED
188271.1200000001,659466.2799999993,ROAD_CLOSED,ROAD_CLOSED_EVENT
178540.1799999997,663026.1099999994,ROAD_CLOSED,ROAD_CLOSED_EVENT
175870.9400000004,659360.8900000006,ROAD_CLOSED,ROAD_CLOSED_EVENT
186370.9000000004,660223.4299999997,ROAD_CLOSED,ROAD_CLOSED_EVENT
181081.4000000004,672157.0299999993,JAM,JAM_HEAVY_TRAFFIC
187280.16000000012,666554.8200000003,JAM,JAM_MODERATE_TRAFFIC
186970.9299999997,665054.8399999999,JAM,JAM_STAND_STILL_TRAFFIC
185263.0,667547.7200000007,JAM,JAM_STAND_STILL_TRAFFIC
182134.7000000002,666640.9199999999,ROAD_CLOSED,ROAD_CLOSED_EVENT
184348.9299999997,672070.2599999998,ROAD_CLOSED,ROAD_CLOSED_EVENT
179936.66000000015,663385.0,JAM,JAM_HEAVY_TRAFFIC
180460.6399999997,665029.8900000006,JAM,JAM_HEAVY_TRAFFIC
179225.83999999985,663041.8200000003,ROAD_CLOSED,ROAD_CLOSED_EVENT
190399.8799999999,659472.3200000003,ROAD_CLOSED,ROAD_CLOSED_EVENT
182550.8099999996,662078.9000000004,JAM,JAM_STAND_STILL_TRAFFIC
187663.8200000003,659810.7899999991,ROAD_CLOSED,ROAD_CLOSED_EVENT
179719.23000000045,665936.1300000008,ROAD_CLOSED,ROAD_CLOSED_EVENT
178954.45999999996,663192.4399999995,JAM,JAM_HEAVY_TRAFFIC
179813.9500000002,664683.1300000008,JAM,JAM_MODERATE_TRAFFIC
178578.91999999993,665596.5600000005,ROAD_CLOSED,ROAD_CLOSED_EVENT
178853.0599999996,645047.1500000004,ROAD_CLOSED,ROAD_CLOSED_EVENT
177956.8700000001,658813.6199999992,ROAD_CLOSED,ROAD_CLOSED_EVENT
186214.3899999997,659530.0600000005,ROAD_CLOSED,ROAD_CLOSED_EVENT
179022.34999999963,665899.0600000005,ROAD_CLOSED,ROAD_CLOSED_EVENT
185539.86000000036,663891.3399999999,ROAD_CLOSED,ROAD_CLOSED_EVENT
179602.45999999996,663842.2599999998,JAM,JAM_NO_SUBTYPE
185707.76999999955,660275.3900000006,JAM,JAM_MODERATE_TRAFFIC
180557.98000000045,653326.1500000004,JAM,JAM_STAND_STILL_TRAFFIC
187663.8200000003,659810.7899999991,ROAD_CLOSED,ROAD_CLOSED_EVENT
179883.4299999997,666985.6600000001,JAM,JAM_HEAVY_TRAFFIC
176895.79000000004,658916.9900000002,JAM,JAM_MODERATE_TRAFFIC
180077.0,653903.3900000006,JAM,JAM_STAND_STILL_TRAFFIC
182329.61000000036,665960.5199999996,ROAD_CLOSED,ROAD_CLOSED_EVENT
178672.3799999999,665806.7899999991,ROAD_CLOSED,ROAD_CLOSED_EVENT
185282.48000000045,664631.2899999991,JAM,JAM_STAND_STILL_TRAFFIC
187498.5599999996,659374.9499999993,ROAD_CLOSED,ROAD_CLOSED_EVENT
181436.3700000001,668475.5,ROAD_CLOSED,ROAD_CLOSED_EVENT
186214.3899999997,659530.0600000005,ROAD_CLOSED,ROAD_CLOSED_EVENT
180774.2199999997,661479.4800000004,ROAD_CLOSED,ROAD_CLOSED_EVENT
179177.2000000002,662945.9700000007,ROAD_CLOSED,ROAD_CLOSED_EVENT
183999.8700000001,664956.1799999997,JAM,JAM_HEAVY_TRAFFIC
179222.96999999974,663009.2200000007,ROAD_CLOSED,ROAD_CLOSED_EVENT
178012.0,656502.0800000001,JAM,JAM_MODERATE_TRAFFIC
178813.41999999993,666065.5299999993,ROAD_CLOSED,ROAD_CLOSED_EVENT
166921.78000000026,633662.3200000003,ROAD_CLOSED,ROAD_CLOSED_EVENT
179045.6900000004,665999.7799999993,ROAD_CLOSED,ROAD_CLOSED_EVENT
182653.28000000023,676381.8499999996,JAM,JAM_HEAVY_TRAFFIC
190015.04000000004,659611.7300000004,ROAD_CLOSED,ROAD_CLOSED_EVENT
177419.7000000002,662364.0999999996,ROAD_CLOSED,ROAD_CLOSED_EVENT
190175.7999999998,666898.9399999995,JAM,JAM_HEAVY_TRAFFIC
178698.5599999996,663005.4399999995,ROAD_CLOSED,ROAD_CLOSED_EVENT
187687.1200000001,659857.8300000001,ROAD_CLOSED,ROAD_CLOSED_EVENT
166776.03000000026,633865.5899999999,ROAD_CLOSED,ROAD_CLOSED_EVENT
187422.34999999963,659473.8200000003,ROAD_CLOSED,ROAD_CLOSED_EVENT
178600.66999999993,664521.3800000008,JAM,JAM_MODERATE_TRAFFIC
191370.46,675506.0700000003,ROAD_CLOSED,ROAD_CLOSED_EVENT
186290.9000000004,659876.8599999994,ROAD_CLOSED,ROAD_CLOSED_EVENT
179004.88999999966,658838.9399999995,ROAD_CLOSED,ROAD_CLOSED_EVENT
177403.1200000001,662212.1300000008,ROAD_CLOSED,ROAD_CLOSED_EVENT
177321.38999999966,661428.4299999997,ROAD_CLOSED,ROAD_CLOSED_EVENT
177419.7000000002,662364.0999999996,ROAD_CLOSED,ROAD_CLOSED_EVENT
180749.91999999995,661572.5,ROAD_CLOSED,ROAD_CLOSED_EVENT
187269.54000000004,659426.4900000002,ROAD_CLOSED,ROAD_CLOSED_EVENT
188239.8200000003,689106.9700000007,WEATHERHAZARD,HAZARD_ON_ROAD_CONSTRUCTION
179078.8099999996,645173.0500000007,ROAD_CLOSED,ROAD_CLOSED_EVENT
177981.41999999993,654747.5500000007,JAM,JAM_MODERATE_TRAFFIC
179523.84999999963,666574.3900000006,JAM,JAM_STAND_STILL_TRAFFIC
177401.2000000002,662045.3599999994,ROAD_CLOSED,ROAD_CLOSED_EVENT
180770.2999999998,661493.5800000001,ROAD_CLOSED,ROAD_CLOSED_EVENT
177437.83000000007,662499.7699999996,ROAD_CLOSED,ROAD_CLOSED_EVENT
182658.25999999975,669383.8599999994,ROAD_CLOSED,ROAD_CLOSED_EVENT
189024.6399999997,665016.25,JAM,JAM_HEAVY_TRAFFIC
177879.3200000003,662796.0700000003,JAM,JAM_STAND_STILL_TRAFFIC
180244.75,664183.7100000009,ROAD_CLOSED,ROAD_CLOSED_EVENT
178580.53000000026,663032.5,ROAD_CLOSED,ROAD_CLOSED_EVENT
189878.98000000045,668091.7100000009,JAM,JAM_HEAVY_TRAFFIC
185861.98000000045,672598.8100000005,ROAD_CLOSED,ROAD_CLOSED_EVENT
181138.6299999999,672144.7300000004,JAM,JAM_MODERATE_TRAFFIC
187544.0,692698.5199999996,JAM,JAM_STAND_STILL_TRAFFIC
182403.5599999996,674158.1799999997,WEATHERHAZARD,HAZARD_ON_ROAD_CONSTRUCTION
177334.5,661514.4299999997,ROAD_CLOSED,ROAD_CLOSED_EVENT
177321.38999999966,661428.4299999997,ROAD_CLOSED,ROAD_CLOSED_EVENT
187752.0700000003,692418.1799999997,WEATHERHAZARD,HAZARD_ON_ROAD_CAR_STOPPED
181099.03000000023,644621.1699999999,JAM,JAM_STAND_STILL_TRAFFIC
190399.8799999999,659472.3200000003,ROAD_CLOSED,ROAD_CLOSED_EVENT
178698.5599999996,663005.4399999995,ROAD_CLOSED,ROAD_CLOSED_EVENT
182265.96,667971.3499999996,JAM,JAM_STAND_STILL_TRAFFIC
186290.9000000004,659876.8599999994,ROAD_CLOSED,ROAD_CLOSED_EVENT
188299.2199999997,659292.9600000009,ROAD_CLOSED,ROAD_CLOSED_EVENT
181430.7199999997,665016.5700000003,JAM,JAM_HEAVY_TRAFFIC
179459.23000000045,663508.2300000004,ROAD_CLOSED,ROAD_CLOSED_EVENT
181455.7000000002,666294.0700000003,WEATHERHAZARD,HAZARD_ON_ROAD_CAR_STOPPED
177965.59999999963,658892.7699999996,ROAD_CLOSED,ROAD_CLOSED_EVENT
178738.1799999997,661886.2699999996,ROAD_CLOSED,ROAD_CLOSED_EVENT
179022.34999999963,665899.0600000005,ROAD_CLOSED,ROAD_CLOSED_EVENT
183106.1799999997,670999.0800000001,JAM,JAM_HEAVY_TRAFFIC
190399.8799999999,659472.3200000003,ROAD_CLOSED,ROAD_CLOSED_EVENT
190852.34999999963,675365.7599999998,JAM,JAM_MODERATE_TRAFFIC
177785.25999999978,658917.0700000003,JAM,JAM_STAND_STILL_TRAFFIC
191315.50999999975,675520.6999999993,JAM,JAM_STAND_STILL_TRAFFIC
188285.58999999985,659377.2899999991,ROAD_CLOSED,ROAD_CLOSED_EVENT
182075.4699999997,663878.3699999992,JAM,JAM_STAND_STILL_TRAFFIC
177386.4299999997,662058.9399999995,ROAD_CLOSED,ROAD_CLOSED_EVENT
179696.1799999997,662499.6600000001,ROAD_CLOSED,ROAD_CLOSED_EVENT
187301.4000000004,659492.1300000008,ROAD_CLOSED,ROAD_CLOSED_EVENT
178626.95999999996,663024.7799999993,ROAD_CLOSED,ROAD_CLOSED_EVENT
186923.5,664158.3399999999,JAM,JAM_MODERATE_TRAFFIC
188285.58999999985,659377.2899999991,ROAD_CLOSED,ROAD_CLOSED_EVENT
181353.5700000003,664532.4800000004,JAM,JAM_STAND_STILL_TRAFFIC
175876.00999999978,658912.0899999999,ROAD_CLOSED,ROAD_CLOSED_EVENT
185297.8099999996,673756.8900000006,JAM,JAM_HEAVY_TRAFFIC
178626.95999999996,663024.7799999993,ROAD_CLOSED,ROAD_CLOSED_EVENT
183720.41000000012,666760.4499999993,ROAD_CLOSED,ROAD_CLOSED_EVENT
177395.46999999974,662145.5199999996,ROAD_CLOSED,ROAD_CLOSED_EVENT
178259.73000000045,664620.9199999999,ROAD_CLOSED,ROAD_CLOSED_EVENT
184489.4500000002,663038.1099999994,JAM,JAM_STAND_STILL_TRAFFIC
178111.5700000003,656496.0500000007,JAM,JAM_NO_SUBTYPE
186028.3899999997,659304.3200000003,ROAD_CLOSED,ROAD_CLOSED_EVENT
179177.2000000002,662945.9700000007,ROAD_CLOSED,ROAD_CLOSED_EVENT
178453.88999999966,658271.1400000006,JAM,JAM_NO_SUBTYPE
178618.1799999997,665686.4600000009,ROAD_CLOSED,ROAD_CLOSED_EVENT
180749.91999999995,661572.5,ROAD_CLOSED,ROAD_CLOSED_EVENT
191484.1399999997,675480.1400000006,ROAD_CLOSED,ROAD_CLOSED_EVENT
179702.99000000022,662573.9299999997,ROAD_CLOSED,ROAD_CLOSED_EVENT
187667.66999999995,659861.0099999998,ROAD_CLOSED,ROAD_CLOSED_EVENT
178303.54000000004,655828.6400000006,JAM,JAM_STAND_STILL_TRAFFIC
178813.41999999993,666065.5299999993,ROAD_CLOSED,ROAD_CLOSED_EVENT
187422.34999999963,659473.8200000003,ROAD_CLOSED,ROAD_CLOSED_EVENT
178693.75,665885.8900000006,ROAD_CLOSED,ROAD_CLOSED_EVENT
183861.34999999963,662897.9900000002,JAM,JAM_STAND_STILL_TRAFFIC
185048.5499999998,675923.3399999999,WEATHERHAZARD,WEATHERHAZARD_NO_SUBTYPE
179055.76999999955,663114.8699999992,ROAD_CLOSED,ROAD_CLOSED_EVENT
179694.4400000004,665825.2200000007,ROAD_CLOSED,ROAD_CLOSED_EVENT
179748.33000000007,666135.5099999998,ROAD_CLOSED,ROAD_CLOSED_EVENT
179078.8099999996,645173.0500000007,ROAD_CLOSED,ROAD_CLOSED_EVENT
179062.41999999993,665885.5,ROAD_CLOSED,ROAD_CLOSED_EVENT
183536.75999999975,666855.8499999996,WEATHERHAZARD,WEATHERHAZARD_NO_SUBTYPE
178738.1799999997,661886.2699999996,ROAD_CLOSED,ROAD_CLOSED_EVENT
187663.8200000003,659810.7899999991,ROAD_CLOSED,ROAD_CLOSED_EVENT
181394.8099999996,646129.4100000001,JAM,JAM_STAND_STILL_TRAFFIC
180373.0,666942.1099999994,JAM,JAM_NO_SUBTYPE
180756.6399999997,657547.3000000007,ROAD_CLOSED,ROAD_CLOSED_EVENT
183270.1399999997,652137.2400000002,JAM,JAM_STAND_STILL_TRAFFIC
186647.59999999963,695230.3699999992,ROAD_CLOSED,ROAD_CLOSED_EVENT
177403.1200000001,662212.1300000008,ROAD_CLOSED,ROAD_CLOSED_EVENT
179275.6900000004,645032.3599999994,ROAD_CLOSED,ROAD_CLOSED_EVENT
177381.6299999999,661904.2699999996,ROAD_CLOSED,ROAD_CLOSED_EVENT
166639.40000000037,634053.9499999993,ROAD_CLOSED,ROAD_CLOSED_EVENT
187416.8099999996,666510.6099999994,JAM,JAM_NO_SUBTYPE
178585.41000000015,644309.9499999993,WEATHERHAZARD,HAZARD_ON_SHOULDER_CAR_STOPPED
179116.7000000002,665979.1099999994,ROAD_CLOSED,ROAD_CLOSED_EVENT
179107.7000000002,663112.9000000004,ROAD_CLOSED,ROAD_CLOSED_EVENT
186255.74000000025,659726.9600000009,ROAD_CLOSED,ROAD_CLOSED_EVENT
176901.25999999978,661672.7599999998,ROAD_CLOSED,ROAD_CLOSED_EVENT
183787.3899999997,667287.2699999996,JAM,JAM_STAND_STILL_TRAFFIC
177965.59999999963,658892.7699999996,ROAD_CLOSED,ROAD_CLOSED_EVENT
186810.84999999963,695239.0700000003,ROAD_CLOSED,ROAD_CLOSED_EVENT
183520.25999999975,663010.0600000005,JAM,JAM_STAND_STILL_TRAFFIC
176766.50999999978,661726.2799999993,ROAD_CLOSED,ROAD_CLOSED_EVENT
181068.76999999955,663900.8100000005,JAM,JAM_STAND_STILL_TRAFFIC
183910.4500000002,667928.8699999992,JAM,JAM_STAND_STILL_TRAFFIC
190209.91000000012,673778.7799999993,JAM,JAM_STAND_STILL_TRAFFIC
179349.01999999955,663338.8800000008,JAM,JAM_HEAVY_TRAFFIC
180135.04000000004,664527.6600000001,JAM,JAM_STAND_STILL_TRAFFIC
186255.74000000025,659726.9600000009,ROAD_CLOSED,ROAD_CLOSED_EVENT
184364.5599999996,672116.1099999994,ROAD_CLOSED,ROAD_CLOSED_EVENT
178371.04000000004,660685.3699999992,ROAD_CLOSED,ROAD_CLOSED_EVENT
180574.03000000023,667894.6899999995,JAM,JAM_STAND_STILL_TRAFFIC
188271.1200000001,659466.2799999993,ROAD_CLOSED,ROAD_CLOSED_EVENT
178613.65000000037,657891.9499999993,JAM,JAM_STAND_STILL_TRAFFIC
181425.6900000004,668421.3200000003,ROAD_CLOSED,ROAD_CLOSED_EVENT
179100.08999999985,663100.0700000003,ROAD_CLOSED,ROAD_CLOSED_EVENT
177976.3700000001,658984.2100000009,ROAD_CLOSED,ROAD_CLOSED_EVENT
182271.3099999996,674238.1899999995,JAM,JAM_STAND_STILL_TRAFFIC
184306.46,644261.9700000007,WEATHERHAZARD,HAZARD_WEATHER_FOG
176625.4400000004,657848.5700000003,JAM,JAM_NO_SUBTYPE
178212.4500000002,664417.0500000007,ROAD_CLOSED,ROAD_CLOSED_EVENT
187286.83999999985,659459.1400000006,ROAD_CLOSED,ROAD_CLOSED_EVENT
187663.8200000003,659810.7899999991,ROAD_CLOSED,ROAD_CLOSED_EVENT
179116.7000000002,665979.1099999994,ROAD_CLOSED,ROAD_CLOSED_EVENT
177408.16000000015,662268.3399999999,ROAD_CLOSED,ROAD_CLOSED_EVENT
188299.2199999997,659292.9600000009,ROAD_CLOSED,ROAD_CLOSED_EVENT
190015.04000000004,659611.7300000004,ROAD_CLOSED,ROAD_CLOSED_EVENT
180644.6200000001,664847.2200000007,JAM,JAM_MODERATE_TRAFFIC
180774.2199999997,661479.4800000004,ROAD_CLOSED,ROAD_CLOSED_EVENT
178106.21999999974,655620.8000000007,WEATHERHAZARD,HAZARD_ON_SHOULDER_CAR_STOPPED
176771.6299999999,658844.9399999995,JAM,JAM_STAND_STILL_TRAFFIC
189407.5599999996,665483.8699999992,JAM,JAM_MODERATE_TRAFFIC
178576.95999999996,661132.4800000004,ROAD_CLOSED,ROAD_CLOSED_EVENT
189948.21,659628.6099999994,ROAD_CLOSED,ROAD_CLOSED_EVENT
187663.8200000003,659810.7899999991,ROAD_CLOSED,ROAD_CLOSED_EVENT
182329.61000000036,665960.5199999996,ROAD_CLOSED,ROAD_CLOSED_EVENT
